pad_id,ingredient_id,detection
1,헥산,0.136
1,톨루엔,0.16
1,에틸벤젠,0.089
1,자일렌,0.149
1,스타이렌,2.288
1,부타논,0.096
1,옥탄,0.216
1,노난,0.497
1,데칸,0.345
1,리모넨,1.217
1,운데칸,0.625
1,노나날,0.12
1,도데칸,1.474
1,데카날,0.273
1,트리데칸,1.964
1,테트라데칸,3.063
1,펜타데칸,2.806
1,헥사데칸,3.814
1,에탄올,0.561
1,아세톤,0.4
2,클로로포름,0.268
2,톨루엔,0.241
2,스타이렌,1.069
2,부타논,0.428
2,노난,0.188
2,데칸,1.47
2,리모넨,0.642
2,운데칸,1.123
2,도데칸,4.49
2,데카날,2.14
2,트리데칸,2.831
2,테트라데칸,4.383
2,펜타데칸,3.448
2,헥사데칸,7.619
2,에탄올,3.806
2,아세톤,0.716
3,헥산,0.436
3,클로로포름,0.192
3,톨루엔,0.548
3,스타이렌,2.69
3,부타논,0.357
3,옥탄,0.629
3,노난,0.797
3,데칸,2.551
3,리모넨,1.211
3,운데칸,2.115
3,노나날,0.249
3,도데칸,7.26
3,데카날,2.309
3,트리데칸,3.85
3,테트라데칸,8.618
3,펜타데칸,3.51
3,헥사데칸,8.843
3,에탄올,3.27
3,아세톤,0.545
3,부탄올,1.09
4,톨루엔,0.262
4,스타이렌,0.262
4,부틸아세테이트,0.744
4,알파-피넨,2.534
4,베타-피넨,0.349
4,리모넨,0.437
4,운데칸,0.262
4,노나날,2.694
4,도데칸,0.349
4,데카날,1.779
4,트리데칸,6.529
4,테트라데칸,32.657
4,펜타데칸,12.825
4,헥사데칸,27.164
4,에탄올,3.498
4,헵탄,52.459
5,헥산,0.210
5,톨루엔,0.539
5,스타이렌,0.522
5,이소옥탄,0.349
5,부틸아세테이트,0.736
5,알파-피넨,2.088
5,베타-피넨,0.279
5,리모넨,0.419
5,운데칸,0.522
5,노나날,2.256
5,도데칸,0.546
5,데카날,0.378
5,트리데칸,2.642
5,테트라데칸,11.062
5,펜타데칸,2.679
5,헥사데칸,21.889
5,에탄올,43.712
5,헵탄,46.239
5,부탄올,1.445
6,헥산,0.108
6,톨루엔,0.242
6,자일렌,0.270
6,스타이렌,0.539
6,이소옥탄,0.216
6,옥탄,0.187
6,부틸아세테이트,0.593
6,노난,0.108
6,알파-피넨,1.720
6,베타-피넨,0.216
6,리모넨,0.565
6,운데칸,0.673
6,노나날,2.310
6,도데칸,0.670
6,데카날,0.981
6,트리데칸,4.696
6,테트라데칸,12.714
6,펜타데칸,4.246
6,헥사데칸,16.507
6,에탄올,24.789
6,헵탄,23.748
6,부탄올,0.539
7,톨루엔,1.086
7,스타이렌,0.571
7,부타논,1.456
7,부틸아세테이트,0.817
7,알파-피넨,2.236
7,베타-피넨,0.304
7,리모넨,0.545
7,운데칸,0.372
7,노나날,0.53
7,데카날,1.41
7,트리데칸,3.079
7,테트라데칸,7.106
7,펜타데칸,6.947
7,헥사데칸,10.639
7,에탄올,1.742
7,부탄올,0.699
8,헥산,0.219
8,톨루엔,1.103
8,자일렌,0.345
8,스타이렌,1.758
8,부타논,1.243
8,부틸아세테이트,0.724
8,노난,0.408
8,알파-피넨,2.011
8,트리메틸벤젠,0.146
8,베타-피넨,0.253
8,리모넨,1.006
8,운데칸,0.408
8,노나날,0.529
8,도데칸,0.087
8,데카날,1.282
8,트리데칸,3.322
8,테트라데칸,6.338
8,펜타데칸,8.238
8,헥사데칸,11.545
8,에탄올,1.296
8,부탄올,1.296
9,헥산,0.137
9,톨루엔,0.85
9,자일렌,0.205
9,스타이렌,1.223
9,부타논,1.417
9,부틸아세테이트,0.819
9,노난,0.205
9,알파-피넨,2.293
9,베타-피넨,0.341
9,리모넨,0.782
9,운데칸,0.441
9,노나날,1.547
9,도데칸,0.662
9,데카날,0.803
9,트리데칸,2.456
9,테트라데칸,7.45
9,펜타데칸,4.402
9,헥사데칸,11.333
9,에탄올,1.803
9,부탄올,0.724
10,톨루엔,0.306
10,스타이렌,0.475
10,리모넨,0.440
10,운데칸,0.170
10,노나날,1.424
10,도데칸,2.812
10,데카날,0.781
10,트리데칸,1.526
10,테트라데칸,14.749
10,펜타데칸,2.443
10,헥사데칸,18.111
11,헥산,0.149
11,톨루엔,0.125
11,스타이렌,1.469
11,프로판올,0.059
11,옥탄,0.134
11,노난,0.357
11,데칸,0.174
11,리모넨,0.994
11,운데칸,0.315
11,노나날,0.763
11,도데칸,1.518
11,데카날,0.753
11,트리데칸,0.930
11,테트라데칸,6.202
11,펜타데칸,1.301
11,헥사데칸,8.106
11,에탄올,0.341
12,톨루엔,0.338
12,스타이렌,0.307
12,리모넨,0.246
12,운데칸,0.123
12,노나날,1.814
12,도데칸,3.382
12,데카날,1.969
12,트리데칸,1.475
12,테트라데칸,13.558
12,펜타데칸,3.196
12,헥사데칸,18.293
13,헥산,0.201
13,톨루엔,0.961
13,스타이렌,0.748
13,노난,0.259
13,리모넨,0.432
13,운데칸,0.346
13,노나날,0.863
13,도데칸,2.101
13,데카날,3.111
13,트리데칸,4.059
13,테트라데칸,7.457
13,펜타데칸,8.353
13,헥사데칸,9.646
14,헥산,0.137
14,톨루엔,0.401
14,에틸벤젠,0.039
14,스타이렌,2.842
14,옥탄,0.147
14,노난,0.527
14,데칸,0.205
14,리모넨,1.774
14,운데칸,0.331
14,노나날,0.595
14,도데칸,1.014
14,데카날,1.184
14,트리데칸,1.541
14,테트라데칸,3.640
14,펜타데칸,3.984
14,헥사데칸,5.717
14,아세톤,0.290
15,헥산,0.080
15,톨루엔,0.389
15,스타이렌,1.374
15,프로판올,0.060
15,옥탄,0.060
15,노난,0.309
15,데칸,0.110
15,리모넨,1.045
15,운데칸,0.249
15,노나날,0.726
15,도데칸,0.966
15,데카날,1.208
15,트리데칸,1.662
15,테트라데칸,3.096
15,펜타데칸,3.046
15,헥사데칸,3.474
16,헥산,1.401
16,톨루엔,10.939
16,에틸벤젠,0.841
16,자일렌,1.121
16,스타이렌,2.656
16,노난,1.815
16,데칸,0.695
16,운데칸,4.897
16,노나날,11.731
16,도데칸,26.033
16,데카날,7.017
16,트리데칸,23.097
16,테트라데칸,50.749
16,펜타데칸,22.963
16,헥사데칸,48.629
16,에탄올,2.719
17,헥산,0.228
17,톨루엔,1.446
17,스타이렌,2.640
17,옥탄,0.227
17,노난,0.596
17,리모넨,1.448
17,운데칸,0.426
17,노나날,1.221
17,도데칸,1.675
17,데카날,3.152
17,트리데칸,3.606
17,테트라데칸,6.983
17,펜타데칸,8.659
17,헥사데칸,10.362
18,헥산,0.201
18,톨루엔,0.680
18,에틸벤젠,0.056
18,자일렌,0.123
18,스타이렌,2.423
18,부타논,0.078
18,옥탄,0.179
18,노난,0.547
18,데칸,0.179
18,리모넨,1.620
18,운데칸,0.369
18,노나날,0.883
18,도데칸,1.240
18,데카날,1.140
18,나프탈렌,0.045
18,트리데칸,1.832
18,테트라데칸,4.189
18,펜타데칸,2.760
18,헥사데칸,4.694
19,헥산,0.049
19,톨루엔,0.558
19,스타이렌,1.460
19,프로판올,0.078
19,옥탄,0.088
19,노난,0.331
19,데칸,0.078
19,리모넨,1.148
19,운데칸,0.312
19,노나날,0.565
19,도데칸,1.023
19,데카날,1.821
19,트리데칸,2.183
19,테트라데칸,3.060
19,펜타데칸,3.975
19,헥사데칸,4.589
20,헥산,0.085
20,톨루엔,0.529
20,스타이렌,2.136
20,옥탄,0.133
20,노난,0.389
20,데칸,0.171
20,리모넨,1.578
20,운데칸,0.419
20,노나날,0.656
20,도데칸,1.255
20,데카날,2.071
20,트리데칸,2.244
20,테트라데칸,3.004
20,펜타데칸,3.859
20,헥사데칸,4.220
20,부탄올,0.415
21,톨루엔,0.361
21,스타이렌,0.721
21,프로판올,0.166
21,리모넨,0.361
21,운데칸,0.167
21,노나날,0.860
21,도데칸,1.249
21,데카날,3.064
21,트리데칸,3.023
21,테트라데칸,6.823
21,펜타데칸,7.625
21,헥사데칸,8.874
21,부탄올,0.815
22,톨루엔,0.570
22,스타이렌,0.566
22,프로판올,0.246
22,펜타논,0.090
22,노난,0.220
22,리모넨,0.223
22,운데칸,0.190
22,노나날,0.883
22,도데칸,2.648
22,데카날,1.962
22,트리데칸,2.718
22,테트라데칸,7.418
22,펜타데칸,5.656
22,헥사데칸,10.255
22,아세톤,8.191
22,부탄올,1.260
23,헥산,0.270
23,벤젠,0.053
23,톨루엔,0.270
23,에틸벤젠,0.171
23,자일렌,0.112
23,스타이렌,6.493
23,옥탄,0.257
23,노난,0.362
23,프로필벤젠,0.040
23,데칸,0.349
23,리모넨,2.548
23,운데칸,0.468
23,노나날,0.507
23,도데칸,1.087
23,데카날,0.882
23,나프탈렌,0.033
23,트리데칸,1.264
23,테트라데칸,2.996
23,펜타데칸,2.034
23,헥사데칸,3.339
24,헥산,0.061
24,벤젠,0.031
24,톨루엔,0.127
24,에틸벤젠,0.061
24,자일렌,0.133
24,스타이렌,3.326
24,부타논,0.102
24,옥탄,0.103
24,노난,0.199
24,데칸,0.248
24,리모넨,1.629
24,운데칸,0.314
24,노나날,0.676
24,도데칸,1.062
24,데카날,0.905
24,트리데칸,0.911
24,테트라데칸,3.300
24,펜타데칸,1.538
24,헥사데칸,5.435
25,헥산,0.091
25,벤젠,0.056
25,톨루엔,0.856
25,에틸벤젠,0.098
25,자일렌,0.070
25,스타이렌,5.034
25,부타논,0.057
25,옥탄,0.140
25,노난,0.274
25,알파-피넨,0.098
25,데칸,0.246
25,베타-피넨,0.042
25,리모넨,2.168
25,운데칸,0.302
25,노나날,0.603
25,도데칸,1.039
25,데카날,0.499
25,트리데칸,0.982
25,테트라데칸,3.782
25,펜타데칸,1.305
25,헥사데칸,5.784
26,헥산,0.073
26,벤젠,0.042
26,톨루엔,0.621
26,에틸벤젠,0.057
26,자일렌,0.119
26,스타이렌,3.537
26,부타논,0.057
26,옥탄,0.121
26,노난,0.204
26,데칸,0.240
26,리모넨,1.612
26,운데칸,0.308
26,노나날,0.605
26,도데칸,1.194
26,데카날,1.090
26,트리데칸,0.995
26,테트라데칸,3.824
26,펜타데칸,1.167
26,헥사데칸,4.935
27,헥산,0.096
27,벤젠,0.048
27,톨루엔,0.643
27,에틸벤젠,0.077
27,자일렌,0.109
27,스타이렌,4.141
27,부타논,0.061
27,옥탄,0.132
27,노난,0.246
27,데칸,0.251
27,리모넨,2.055
27,운데칸,0.364
27,노나날,0.571
27,도데칸,1.181
27,데카날,0.800
27,트리데칸,1.093
27,테트라데칸,5.277
27,펜타데칸,1.573
27,헥사데칸,9.844
28,헥산,0.047
28,벤젠,0.030
28,톨루엔,0.555
28,에틸벤젠,0.065
28,자일렌,0.083
28,스타이렌,3.809
28,부타논,0.071
28,옥탄,0.065
28,노난,0.130
28,쿠멘,0.036
28,프로필벤젠,0.036
28,에틸톨루엔,0.036
28,데칸,0.118
28,리모넨,1.045
28,운데칸,0.242
28,노나날,0.555
28,도데칸,1.080
28,데카날,0.750
28,나프탈렌,0.024
28,트리데칸,0.873
28,테트라데칸,5.461
28,펜타데칸,0.951
28,헥사데칸,9.168
29,스타이렌,0.771
29,데칸,0.605
29,리모넨,0.385
29,운데칸,0.357
29,노나날,1.897
29,도데칸,4.397
29,데카날,1.739
29,트리데칸,1.839
29,테트라데칸,12.086
29,펜타데칸,3.383
29,헥사데칸,12.466
30,톨루엔,0.387
30,스타이렌,0.990
30,옥탄,0.242
30,노난,0.242
30,리모넨,0.387
30,운데칸,0.265
30,노나날,2.487
30,도데칸,1.424
30,데카날,0.676
30,트리데칸,1.787
30,테트라데칸,8.087
30,펜타데칸,4.587
30,헥사데칸,18.999
31,스타이렌,1.705
31,노난,0.378
31,리모넨,0.676
31,운데칸,0.189
31,노나날,1.734
31,도데칸,1.793
31,데카날,1.541
31,트리데칸,2.171
31,테트라데칸,9.072
31,펜타데칸,7.195
31,헥사데칸,19.426
32,스타이렌,2.221
32,옥탄,0.160
32,노난,0.476
32,리모넨,0.767
32,운데칸,0.212
32,노나날,1.455
32,도데칸,1.826
32,데카날,1.348
32,트리데칸,2.143
32,테트라데칸,8.095
32,펜타데칸,5.105
32,헥사데칸,14.655
32,부탄올,1.054
33,헥산,0.162
33,톨루엔,0.377
33,스타이렌,0.887
33,옥탄,0.108
33,리모넨,0.349
33,운데칸,0.188
33,노나날,3.872
33,도데칸,2.314
33,데카날,1.051
33,트리데칸,2.528
33,테트라데칸,10.762
33,펜타데칸,7.855
33,헥사데칸,21.441
34,헥산,0.195
34,톨루엔,0.807
34,스타이렌,1.142
34,옥탄,0.168
34,노난,0.362
34,알파-피넨,0.195
34,리모넨,0.558
34,운데칸,0.363
34,노나날,1.171
34,도데칸,2.703
34,데카날,0.857
34,트리데칸,3.173
34,테트라데칸,12.147
34,펜타데칸,7.302
34,헥사데칸,18.951
34,에탄올,9.096
35,헥산,1.075
35,톨루엔,0.914
35,스타이렌,1.667
35,프로판올,0.242
35,옥탄,0.161
35,노난,0.269
35,리모넨,0.564
35,운데칸,0.323
35,노나날,1.451
35,도데칸,2.500
35,데카날,1.292
35,트리데칸,2.287
35,테트라데칸,10.751
35,펜타데칸,6.826
35,헥사데칸,19.139
35,에탄올,1.034
36,헥산,0.178
36,벤젠,0.043
36,톨루엔,0.128
36,에틸벤젠,0.092
36,자일렌,0.157
36,스타이렌,3.109
36,부타논,0.085
36,옥탄,0.171
36,부틸아세테이트,0.163
36,노난,0.377
36,알파-피넨,0.456
36,에틸톨루엔,0.057
36,데칸,0.099
36,베타-피넨,0.071
36,리모넨,2.179
36,운데칸,0.391
36,노나날,0.199
36,도데칸,0.429
36,데카날,0.213
36,트리데칸,1.080
36,테트라데칸,2.819
36,펜타데칸,2.609
36,헥사데칸,4.199
36,에탄올,0.287
36,아세톤,1.077
37,헥산,0.138
37,벤젠,0.033
37,톨루엔,0.138
37,에틸벤젠,0.059
37,자일렌,0.111
37,스타이렌,1.305
37,부타논,0.046
37,에틸아세테이트,0.059
37,옥탄,0.099
37,부틸아세테이트,0.184
37,노난,0.256
37,알파-피넨,0.439
37,에틸톨루엔,0.040
37,베타-피넨,0.053
37,리모넨,0.630
37,운데칸,0.282
37,노나날,0.190
37,도데칸,0.420
37,데카날,0.500
37,트리데칸,1.154
37,테트라데칸,3.087
37,펜타데칸,3.447
37,헥사데칸,5.860
37,에탄올,0.503
37,아세톤,0.288
38,헥산,0.076
38,톨루엔,0.501
38,에틸벤젠,0.087
38,자일렌,0.218
38,스타이렌,1.938
38,부타논,0.348
38,부틸아세테이트,0.436
38,알파-피넨,1.027
38,에틸톨루엔,0.066
38,베타-피넨,0.131
38,리모넨,0.991
38,시멘,0.055
38,운데칸,0.294
38,노나날,1.513
38,도데칸,0.782
38,데카날,0.210
38,트리데칸,0.807
38,테트라데칸,4.226
38,펜타데칸,2.137
38,헥사데칸,6.364
38,에탄올,2.462
38,아세톤,0.895
38,프로판올,0.448
39,헥산,0.043
39,톨루엔,0.025
39,스타이렌,0.143
39,노난,0.031
39,리모넨,0.074
39,운데칸,0.055
39,노나날,0.043
39,도데칸,0.099
39,데카날,0.087
39,트리데칸,0.496
39,테트라데칸,2.568
39,펜타데칸,2.209
39,헥사데칸,4.982
40,헥산,0.052
40,톨루엔,0.039
40,스타이렌,0.181
40,노난,0.032
40,리모넨,0.115
40,운데칸,0.09
40,노나날,0.076
40,도데칸,0.154
40,트리데칸,0.577
40,테트라데칸,5.251
40,펜타데칸,2.64
40,헥사데칸,8.252
41,헥산,0.090
41,톨루엔,0.045
41,스타이렌,0.354
41,옥탄,0.045
41,노난,0.118
41,리모넨,0.202
41,운데칸,0.281
41,노나날,0.096
41,도데칸,0.306
41,데카날,0.168
41,트리데칸,1.147
41,테트라데칸,5.385
41,펜타데칸,3.127
41,헥사데칸,7.286
42,톨루엔,0.192
42,자일렌,0.366
42,스타이렌,0.652
42,부틸아세테이트,0.701
42,노난,0.289
42,알파-피넨,1.728
42,베타-피넨,0.220
42,리모넨,0.506
42,운데칸,0.289
42,도데칸,2.152
42,트리데칸,1.639
42,테트라데칸,24.411
42,펜타데칸,6.474
42,헥사데칸,53.539
42,에탄올,14.724
42,아세톤,1.381
43,클로로포름,0.387
43,톨루엔,0.239
43,자일렌,0.390
43,스타이렌,1.548
43,부틸아세테이트,1.013
43,노난,0.120
43,알파-피넨,2.060
43,베타-피넨,0.239
43,리모넨,0.299
43,운데칸,0.239
43,노나날,0.293
43,도데칸,4.852
43,데카날,0.966
43,트리데칸,2.287
43,테트라데칸,36.271
43,펜타데칸,8.988
43,헥사데칸,67.136
43,에탄올,0.605
44,헥산,0.185
44,톨루엔,9.202
44,에틸벤젠,0.185
44,자일렌,0.520
44,스타이렌,2.973
44,프로판올,0.795
44,부타논,2.475
44,에틸아세테이트,1.499
44,옥탄,0.365
44,부틸아세테이트,0.860
44,클로로벤젠,0.369
44,알파-피넨,0.434
44,데칸,4.419
44,리모넨,1.471
44,운데칸,0.615
44,노나날,3.530
44,도데칸,6.634
44,데카날,0.748
44,나프탈렌,1.381
44,트리데칸,2.897
44,테트라데칸,13.354
44,펜타데칸,7.043
44,헥사데칸,13.176
44,에탄올,3.471
44,아세톤,1.736
45,톨루엔,0.116
45,스타이렌,0.625
45,부타논,0.116
45,노난,0.232
45,리모넨,0.278
45,운데칸,0.278
45,도데칸,4.636
45,데카날,0.371
45,트리데칸,2.294
45,테트라데칸,34.875
45,펜타데칸,8.574
45,헥사데칸,64.095
46,헥산,0.121
46,클로로포름,0.182
46,톨루엔,0.182
46,스타이렌,2.643
46,부타논,0.212
46,노난,0.244
46,운데칸,0.243
46,도데칸,0.239
46,트리데칸,1.343
46,테트라데칸,17.305
46,펜타데칸,7.280
46,헥사데칸,49.999
46,에탄올,1.227
47,스타이렌,0.829
47,운데칸,0.188
47,도데칸,0.406
47,트리데칸,0.916
47,테트라데칸,8.282
47,펜타데칸,3.302
47,헥사데칸,23.868
48,스타이렌,0.154
48,부타논,0.286
48,리모넨,0.130
48,운데칸,0.198
48,트리데칸,1.637
48,테트라데칸,7.947
48,펜타데칸,5.027
48,헥사데칸,13.217
49,헥산,0.084
49,톨루엔,0.169
49,스타이렌,0.341
49,리모넨,0.215
49,운데칸,0.192
49,도데칸,0.807
49,데카날,0.215
49,트리데칸,1.570
49,테트라데칸,11.283
49,펜타데칸,5.453
49,헥사데칸,19.725
49,에탄올,0.412
50,헥산,0.199
50,톨루엔,0.272
50,스타이렌,0.520
50,부타논,0.197
50,노난,0.149
50,리모넨,"0,222"
50,운데칸,0.249
50,노나날,0.147
50,도데칸,1.241
50,트리데칸,1.813
50,테트라데칸,13.565
50,펜타데칸,5.947
50,헥사데칸,24.491
50,에탄올,1.205
51,클로로포름,0.237
51,스타이렌,1.799
51,노난,0.265
51,리모넨,0.206
51,운데칸,0.237
51,도데칸,0.594
51,트리데칸,1.418
51,테트라데칸,13.675
51,펜타데칸,6.071
51,헥사데칸,24.009
51,부탄올,0.609
52,스타이렌,0.194
52,리모넨,0.168
52,운데칸,0.243
52,도데칸,1.473
52,데카날,0.243
52,트리데칸,2.396
52,테트라데칸,11.218
52,펜타데칸,5.716
52,헥사데칸,17.694
52,부탄올,0.913
53,톨루엔,0.336
53,스타이렌,0.595
53,노난,0.129
53,리모넨,0.544
53,운데칸,0.232
53,트리데칸,1.712
53,테트라데칸,7.329
53,펜타데칸,5.771
53,헥사데칸,12.528
53,에탄올,0.716
54,헥산,0.162
54,클로로포름,0.269
54,스타이렌,1.104
54,부타논,0.216
54,운데칸,0.188
54,트리데칸,0.998
54,테트라데칸,11.93
54,펜타데칸,6.411
54,헥사데칸,14.407
54,에탄올,0.822
55,헥산,0.097
55,스타이렌,0.412
55,부타논,0.126
55,노난,0.146
55,리모넨,0.389
55,운데칸,0.292
55,도데칸,1.582
55,데카날,0.339
55,트리데칸,2.180
55,테트라데칸,11.739
55,펜타데칸,5.983
55,헥사데칸,19.487
56,스타이렌,0.457
56,노난,0.183
56,운데칸,0.367
56,노나날,0.976
56,데카날,1.188
56,트리데칸,1.528
56,테트라데칸,8.702
56,펜타데칸,4.420
56,헥사데칸,12.021
56,에탄올,1.707
57,스타이렌,1.03
57,노난,0.161
57,리모넨,0.515
57,운데칸,0.387
57,노나날,1.476
57,도데칸,1.708
57,데카날,0.320
57,트리데칸,1.967
57,테트라데칸,8.119
57,펜타데칸,4.317
57,헥사데칸,12.469
57,에탄올,1.985
58,헥산,0.113
58,톨루엔,0.068
58,스타이렌,0.955
58,노난,0.307
58,리모넨,0.546
58,운데칸,0.375
58,노나날,0.216
58,도데칸,1.159
58,데카날,0.592
58,트리데칸,0.977
58,테트라데칸,1.670
58,펜타데칸,0.727
58,헥사데칸,2.402
58,에탄올,0.775
58,아세톤,0.775
59,헥산,0.103
59,스타이렌,0.848
59,노난,0.275
59,리모넨,0.492
59,운데칸,0.332
59,노나날,0.744
59,도데칸,1.259
59,데카날,0.732
59,트리데칸,1.152
59,테트라데칸,2.025
59,펜타데칸,1.361
59,헥사데칸,4.073
59,에탄올,0.683
60,헥산,0.175
60,벤젠,0.046
60,톨루엔,0.229
60,에틸벤젠,0.193
60,자일렌,0.074
60,스타이렌,6.121
60,부타논,0.082
60,옥탄,0.295
60,노난,0.726
60,데칸,0.285
60,리모넨,1.563
60,운데칸,0.570
60,노나날,0.303
60,도데칸,1.177
60,데카날,0.451
60,트리데칸,1.131
60,테트라데칸,4.026
60,펜타데칸,0.984
60,헥사데칸,4.172
60,에탄올,0.452
60,아세톤,0.363
61,톨루엔,1.791
61,에틸벤젠,0.69
61,자일렌,1.632
61,스타이렌,0.473
61,노난,0.159
61,리모넨,0.219
61,운데칸,0.534
61,노나날,1.100
61,도데칸,2.107
61,데카날,0.410
61,트리데칸,1.856
61,테트라데칸,8.013
61,펜타데칸,2.233
61,헥사데칸,7.892
61,에탄올,1.804
62,헥산,0.224
62,톨루엔,0.252
62,스타이렌,1.287
62,노난,0.364
62,리모넨,0.504
62,운데칸,0.448
62,노나날,0.336
62,도데칸,1.539
62,데카날,2.210
62,트리데칸,1.567
62,테트라데칸,2.966
62,펜타데칸,3.525
62,헥사데칸,6.658
62,에탄올,1.128
63,스타이렌,1.275
63,프로판올,0.8
63,운데칸,0.51
63,노나날,1.71
63,데카날,1.455
63,도데칸,0.983
63,트리데칸,0.583
63,테트라데칸,21.473
63,펜타데칸,1.965
63,헥사데칸,58.458
64,톨루엔,0.39
64,이소옥탄,0.646
64,옥탄,0.162
64,데칸,0.599
64,운데칸,0.914
64,노나날,1.735
64,데카날,1.432
64,도데칸,6.441
64,트리데칸,2.481
64,테트라데칸,9.73
64,펜타데칸,0.39
64,헥사데칸,9.977
64,에탄올,1.65
64,헵탄,131.86
64,부탄올,2.47
65,에틸벤젠,0.144
65,스타이렌,7.07
65,톨루엔,0.172
65, 자일렌,0.144
65,리모넨,1.885
65,운데칸,0.319
65,노나날,1.161
65,데카날,.0.823
65,알파-피넨,1.243
65,베타-피넨,2.954
65,도데칸,0.639
65,트리데칸,1.456
65,테트라데칸,5.101
65,펜타데칸,2.276
65,헥사데칸,1.824
65,에탄올,1.675
65,아세톤,1.116
66,스타이렌,0.253
66,프로판올,1.229
66,이소옥탄,0.289
66,데칸,0.289
66,리모넨,26.872
66,시멘,14.845
66,운데칸,1.12
66,노나날,2.203
66,데카날,1.336
66,알파-피넨,14.916
66,베타-피넨,4.046
66,도데칸,6.718
66,트리데칸,2.311
66,테트라데칸,10.763
66,펜타데칸,17.411
66,헥사데칸,10.98
66,에탄올,1.1
66,헵탄,41.3
67,톨루엔,0.314
67,프로판올,1.257
67,에틸아세테이트,11.941
67,노네인,0.367
67,데칸,2.619
67,운데칸,3.404
67,노나날,1.676
67,데카날,5.447
67,도데칸,7.123
67,트리데칸,2.723
67,테트라데칸,12.36
67,펜타데칸,1.885
67,헥사데칸,16.602
67,헵탄,105.12
68,프로판올,1.933
68,운데칸,0.483
68,노나날,6.269
68,데카날,4.271
68,도데칸,9.565
68,트리데칸,4.184
68,테트라데칸,23.637
68,펜타데칸,19.051
68,헥사데칸,64.859
69,톨루엔,0.25
69,데칸,0.454
69,운데칸,1.125
69,노나날,1.92
69,데카날,1.96
69,도데칸,2.791
69,트리데칸,1.423
69,테트라데칸,13.308
69,펜타데칸,3.872
69,헥사데칸,23.393
69,아세톤,0.82
69,헵탄,160.05
70,스타이렌,0.194
70,프로판올,1.388
70,이소옥탄,0.259
70,옥탄,0.226
70,데칸,1.035
70,운데칸,0.485
70,노나날,2.325
70,데카날,0.356
70,도데칸,7.951
70,트리데칸,1.421
70,테트라데칸,21.611
70,펜타데칸,1.421
70,헥사데칸,49.777
70,에탄올,0.7
70,아세톤,1.4
70,헵탄,87.98
70,부탄올,2.1
71,톨루엔,0.189
71,운데칸,0.907
71,노나날,0.755
71,데카날,1.321
71,도데칸,2.229
71,트리데칸,1.059
71,테트라데칸,11.034
71,펜타데칸,2.003
71,헥사데칸,19.047
71,아세톤,1.08
71,헵탄,99.78
72,운데칸,0.259
72,노나날,0.721
72,도데칸,2.625
72,트리데칸,1.05
72,테트라데칸,12.998
72,펜타데칸,2.618
72,헥사데칸,21.25
72,에탄올,2.432
72,헵탄,128.45
73,톨루엔,0.321
73, 자일렌,0.85
73,운데칸,0.643
73,노나날,1.607
73,데카날,5.416
73,도데칸,6.423
73,트리데칸,4.705
73,테트라데칸,18.2
73,펜타데칸,7.553
73,헥사데칸,35.023
73,에탄올,1.56
73,헵탄,42.26
74,스타이렌,0.255
74,프로판올,0.696
74,운데칸,0.476
74,노나날,2.064
74,데카날,1.524
74,도데칸,2.094
74,트리데칸,0.825
74,테트라데칸,10.791
74,펜타데칸,1.141
74,헥사데칸,9.141
74,아세톤,0.61
75,에틸벤젠,1.189
75,스타이렌,0.848
75,톨루엔,7.159
75, 자일렌,2.049
75,프로판올,9.738
75,노나날,10.056
75,데카날,45.922
75,트리데칸,0.683
75,테트라데칸,2.072
75,펜타데칸,1.189
75,헥사데칸,3.403
75,아세톤,9.08
76,스타이렌,0.648
76,프로판올,1.045
76,리모넨,0.349
76,노나날,3.039
76,데카날,2.593
76,도데칸,2.245
76,트리데칸,0.798
76,테트라데칸,9.128
76,펜타데칸,1.547
76,헥사데칸,9.228
76,아세톤,2.9
77,스타이렌,0.872
77,리모넨,0.546
77,운데칸,0.181
77,노나날,0.945
77,데카날,0.3
77,도데칸,1.53
77,트리데칸,1.998
77,테트라데칸,9.024
77,펜타데칸,4.047
77,헥사데칸,9.389
77,에탄올,1.406
77,헵탄,108.3
78,부타논,0.852
78,노나날,6.645
78,데카날,7.597
78,트리데칸,3.773
78,테트라데칸,6.48
78,펜타데칸,12.495
78,헥사데칸,43.239
78,에탄올,1.8
78,아세톤,5.39
79,스타이렌,0.319
79,톨루엔,0.319
79, 자일렌,0.255
79,프로판올,0.764
79,리모넨,0.574
79,시멘,1.914
79,운데칸,0.541
79,노나날,1.75
79,데카날,2.541
79,알파-피넨,0.671
79,도데칸,3.316
79,트리데칸,2.485
79,테트라데칸,12.399
79,펜타데칸,6.762
79,헥사데칸,17.993
79,에탄올,0.62
79,아세톤,1.23
79,헵탄,95.59
79,부탄올,1.23
80,스타이렌,0.173
80,톨루엔,0.2
80, 자일렌,0.432
80,운데칸,0.861
80,노나날,0.974
80,데카날,2.382
80,도데칸,2.382
80,트리데칸,3.193
80,테트라데칸,8.906
80,펜타데칸,4.772
80,헥사데칸,8.989
80,아세톤,1.09
80,헵탄,86.52
81,스타이렌,1.886
81,프로판올,1.962
81,노난,0.291
81,운데칸,2.178
81,노나날,5.711
81,데카날,4.634
81,나프탈렌,0.506
81,도데칸,5.299
81,트리데칸,2.475
81,테트라데칸,8.489
81,펜타데칸,1.969
81,헥사데칸,6.115
82,톨루엔,0.158
82,운데칸,0.276
82,노나날,1.222
82,데카날,1.34
82,도데칸,11.043
82,트리데칸,1.34
82,테트라데칸,43.028
82,펜타데칸,1.342
82,헥사데칸,31.83
82,에탄올,1.31
83,프로판올,0.202
83,운데칸,0.235
83,노나날,2.423
83,데카날,1.677
83,도데칸,1.244
83,트리데칸,0.775
83,테트라데칸,5.49
83,펜타데칸,1.446
83,헥사데칸,9.931
84,톨루엔,0.219
84,자일렌,0.365
84,운데칸,0.726
84,노나날,1.46
84,데카날,2.478
84,도데칸,2.325
84,트리데칸,2.482
84,테트라데칸,8.418
84,펜타데칸,7.997
84,헥사데칸,17.457
84,아세톤,1.36
84,헵탄,102.63
85,스타이렌,0.203
85,리모넨,0.203
85,운데칸,0.338
85,노나날,2.5
85,데카날,1.858
85,도데칸,1.25
85,트리데칸,0.811
85,테트라데칸,6.553
85,펜타데칸,1.621
85,헥사데칸,8.883
86,노나날,3.377
86,데카날,2.403
86,도데칸,5.357
86,트리데칸,1.266
86,테트라데칸,11.654
86,펜타데칸,1.591
86,헥사데칸,20.219
87,노나날,11.374
87,데카날,6.693
87,트리데칸,3.227
87,테트라데칸,7.229
87,펜타데칸,16.598
87,헥사데칸,36.092
87,아세톤,4.36
88,스타이렌,1.145
88,톨루엔,1.145
88, 자일렌,0.818
88,운데칸,1.962
88,노나날,2.371
88,데카날,2.779
88,도데칸,11.159
88,트리데칸,4.089
88,테트라데칸,103.355
88,펜타데칸,2.45
88,헥사데칸,111.858
89,스타이렌,1.196
89,톨루엔,0.828
89,데칸,2.578
89,운데칸,2.85
89,노나날,3.125
89,데카날,4.139
89,도데칸,35.868
89,트리데칸,5.237
89,테트라데칸,140.976
89,펜타데칸,5.33
89,헥사데칸,176.171
90,스타이렌,0.421
90,톨루엔,1.827
90,헥세인,0.029
90,프로판올,0.387
90,운데칸,0.269
90,노나날,2.414
90,도데칸,8.218
90,트리데칸,1.168
90,테트라데칸,21.163
90,펜타데칸,3.058
90,헥사데칸,21.461
91,스타이렌,1.126
91,톨루엔,0.498
91,헥세인,0.733
91,운데칸,0.393
91,노나날,1.525
91,데카날,2.841
91,도데칸,5.403
91,트리데칸,2.58
91,테트라데칸,25.482
91,펜타데칸,0.755
91,헥사데칸,26.598
91,부탄올,0.96
92,스타이렌,0.58
92,톨루엔,0.411
92,헥세인,0.654
92,프로판올,0.148
92,운데칸,0.557
92,노나날,1.891
92,데카날,3.36
92,도데칸,7.058
92,트리데칸,2.578
92,테트라데칸,20.052
92,펜타데칸,1.111
92,헥사데칸,20.5
92,부탄올,0.95
93,스타이렌,2.805
93,톨루엔,1.547
93,헥세인,0.591
93,운데칸,1.134
93,노나날,2.341
93,데카날,19.47
93,도데칸,13.015
93,트리데칸,4.436
93,테트라데칸,52.053
93,펜타데칸,3.802
93,헥사데칸,57.978
93,에탄올,0.95
93,부탄올,1.9
94,스타이렌,0.387
94,프로판올,0.301
94,데칸,1.151
94,운데칸,2.457
94,노나날,3.93
94,데카날,2.752
94,도데칸,15.1
94,트리데칸,5.521
94,테트라데칸,18.545
94,펜타데칸,5.309
94,헥사데칸,25.62
95,스타이렌,0.168
95,톨루엔,0.19
95,프로판올,0.336
95,부타논,0.106
95,데칸,0.357
95,운데칸,0.464
95,노나날,1.373
95,데카날,1.054
95,도데칸,3.331
95,트리데칸,1.391
95,테트라데칸,11.282
95,펜타데칸,3.711
95,헥사데칸,18.2
96,스타이렌,0.771
96,톨루엔,0.142
96,헥세인,0.748
96,데칸,0.284
96,운데칸,0.668
96,노나날,1.701
96,데카날,1.396
96,도데칸,4.715
96,트리데칸,1.72
96,테트라데칸,11.352
96,펜타데칸,1.538
96,헥사데칸,14.305
96,에탄올,1.45
96,아세톤,0.4
97,톨루엔,0.584
97, 자일렌,0.585
97,에틸아세테이트,0.146
97,이소옥탄,0.352
97,운데칸,0.293
97,노나날,5.475
97,데카날,2.18
97,도데칸,6.242
97,트리데칸,1.347
97,테트라데칸,8.497
97,펜타데칸,1.905
97,헥사데칸,14.176
97,에탄올,1.24
97,아세톤,1.24
97,헵탄,66.63
97,부탄올,2.15
98,톨루엔,0.711
98, 자일렌,0.474
98,에틸아세테이트,2.717
98,운데칸,0.296
98,노나날,4.445
98,데카날,1.042
98,도데칸,2.785
98,트리데칸,1.033
98,테트라데칸,7.198
98,펜타데칸,1.867
98,헥사데칸,25.718
98,에탄올,2.89
98,아세톤,3.17
98,헵탄,76.32
98,부탄올,1.44
99,스타이렌,0.403
99,톨루엔,0.88
99,프로판올,0.403
99,에틸아세테이트,2.64
99,데칸,1.54
99,운데칸,0.22
99,노나날,4.803
99,데카날,1.1
99,도데칸,19.143
99,트리데칸,0.88
99,테트라데칸,33.553
99,펜타데칸,3.19
99,헥사데칸,61.756
99,에탄올,1.72
99,헵탄,100.1
99,부탄올,2.06
100,스타이렌,0.283
100,톨루엔,0.599
100,프로판올,0.431
100,에틸아세테이트,0.956
100,데칸,1.588
100,운데칸,0.212
100,노나날,4.802
100,데카날,1.481
100,도데칸,16.934
100,트리데칸,0.815
100,테트라데칸,35.872
100,펜타데칸,2.233
100,헥사데칸,63.469
100,에탄올,5.73
100,헵탄,95.59
100,부탄올,2.86
101,스타이렌,0.435
101,톨루엔,0.27
101,프로판올,3.015
101,노나날,7.619
101,데카날,2.012
101,도데칸,11.086
101,트리데칸,1.25
101,테트라데칸,34.186
101,펜타데칸,2.608
101,헥사데칸,53.332
101,아세톤,4.85
101,헵탄,36.14
102,톨루엔,1.031
102,자일렌,0.183
102,프로판올,0.221
102,에틸아세테이트,2.431
102,데칸,1.513
102,노나날,5.229
102,데카날,0.625
102,도데칸,16.94
102,트리데칸,0.774
102,테트라데칸,35.227
102,펜타데칸,1.542
102,헥사데칸,54.748
102,에탄올,4.63
102,헵탄,92.23
102,부탄올,2.14
103,프로판올,11.443
103,노나날,14.806
103,도데칸,1.345
103,테트라데칸,3.702
103,펜타데칸,3.701
103,헥사데칸,7.234
103,에탄올,28.74
103,아세톤,7.17
103,프로판올,7.17
104,톨루엔,0.446
104,노나날,6.632
104,데카날,18.213
104,트리데칸,2.278
104,테트라데칸,2.686
104,펜타데칸,4.665
104,헥사데칸,8.149
104,에탄올,2.15
104,아세톤,5.38
105,톨루엔,0.746
105,노나날,6.964
105,데카날,8.82
105,도데칸,1.121
105,트리데칸,4.125
105,테트라데칸,9.074
105,펜타데칸,15.563
105,헥사데칸,45.639
105,아세톤,2.57
106,스타이렌,0.191
106,톨루엔,0.224
106,이소옥탄,0.922
106,데칸,1.789
106,운데칸,1.143
106,노나날,1.016
106,데카날,1.492
106,트리메틸벤젠,0.161
106,디메틸펜탄,0.573
106,도데칸,6.198
106,트리데칸,1.388
106,테트라데칸,12.72
106,펜타데칸,2.411
106,헥사데칸,18.169
106,에탄올,3.05
106,헵탄,74.7
106,부탄올,2.44
107,프로판올,0.539
107,데칸,1.658
107,운데칸,0.771
107,노나날,4.131
107,데카날,2.006
107,도데칸,4.049
107,트리데칸,2.159
107,테트라데칸,11.526
107,펜타데칸,1.349
107,헥사데칸,17.076
107,에탄올,1.45
107,헵탄,94.1
107,부탄올,2.17
108,스타이렌,0.546
108,톨루엔,1.275
108,데칸,0.516
108,리모넨,0.577
108,운데칸,0.759
108,노나날,1.488
108,데카날,2.646
108,도데칸,3.006
108,트리데칸,3.066
108,테트라데칸,8.016
108,펜타데칸,5.556
108,헥사데칸,9.412
108,아세톤,11.76
109,톨루엔,0.997
109,데칸,0.395
109,리모넨,0.234
109,운데칸,0.366
109,노나날,1.633
109,데카날,1.667
109,도데칸,2.97
109,트리데칸,2.661
109,테트라데칸,10.538
109,펜타데칸,5.192
109,헥사데칸,13.262
110,프로판올,0.317
110,노나날,2.34
110,데카날,2.203
110,도데칸,6.885
110,트리데칸,1.276
110,테트라데칸,19.995
110,펜타데칸,3.82
110,헥사데칸,35.552
110,헵탄,23.06
110,부탄올,1.05
111,스타이렌,0.381
111,톨루엔,0.571
111, 자일렌,0.285
111,운데칸,0.238
111,노나날,4.139
111,데카날,2.193
111,도데칸,9.085
111,트리데칸,1.094
111,테트라데칸,21.745
111,펜타데칸,1.189
111,헥사데칸,33.588
111,헵탄,38.04
111,부탄올,1.89
112,에틸벤젠,6.265
112,스타이렌,2.088
112,톨루엔,22.723
112,자일렌,7.06
112,노나날,30.24
112,데카날,30.533
112,나프탈렌,9.126
112,도데칸,2.904
112,트리데칸,12.77
112,테트라데칸,40.541
112,펜타데칸,43.76
112,헥사데칸,242.614
112,에탄올,10.56
113,에틸벤젠,9.402
113,스타이렌,1.73
113,톨루엔,17.772
113,자일렌,9.067
113,노나날,20.507
113,데카날,16.965
113,나프탈렌,8.37
113,트리데칸,11.352
113,테트라데칸,27.482
113,펜타데칸,27.174
113,헥사데칸,211.117
113,에탄올,25.634
114,스타이렌,0.557
114,톨루엔,0.117
114,프로판올,0.072
114,노난,0.404
114,데칸,1.714
114,리모넨,0.171
114,운데칸,0.61
114,노나날,25.301
114,데카날,2.786
114,알파-피넨,0.054
114,베타-피넨,0.159
114,도데칸,2.092
114,트리데칸,1.893
114,테트라데칸,4.791
114,펜타데칸,2.01
114,헥사데칸,4.425
114,아세톤,0.52
115,톨루엔,0.631
115,리모넨,0.51
115,운데칸,0.631
115,노나날,5.951
115,데카날,3.049
115,도데칸,6.488
115,트리데칸,10.451
115,테트라데칸,65.312
115,펜타데칸,21.534
115,헥사데칸,77.377
115,에탄올,6.348
115,아세톤,15.229
115,헵탄,172.54
116,스타이렌,0.871
116,운데칸,1.245
116,노나날,5.354
116,데카날,7.478
116,알파-피넨,0.747
116,도데칸,11.205
116,트리데칸,13.072
116,테트라데칸,68.603
116,펜타데칸,20.043
116,헥사데칸,89.023
116,에탄올,2.543
116,아세톤,3.766
116,헵탄,74.877
117,스타이렌,1.76
117,톨루엔,2.326
117,프로판올,5.986
117,노난,0.946
117,데칸,2.171
117,운데칸,4.739
117,노나날,26.761
117,데카날,34.101
117,도데칸,31.168
117,트리데칸,18.845
117,테트라데칸,48.489
117,펜타데칸,24.552
117,헥사데칸,42.631
117,에탄올,6.4
118,에틸벤젠,0.718
118,스타이렌,8.976
118,톨루엔,8.017
118,자일렌,2.034
118,노난,5.625
118,데칸,13.163
118,리모넨,1.795
118,운데칸,15.436
118,노나날,32.896
118,데카날,30.364
118,도데칸,64.62
118,트리데칸,42.598
118,테트라데칸,89.511
118,펜타데칸,23.452
118,헥사데칸,69.88
118,아세톤,23.78
119,톨루엔,0.399
119,헥세인,0.128
119,부타논,0.32
119,옥탄,0.159
119,노난,0.08
119,노나날,2.205
119,데카날,0.528
119,도데칸,0.144
119,트리데칸,0.367
119,테트라데칸,0.672
119,펜타데칸,0.575
119,헥사데칸,0.927
119,에탄올,1.191
119,아세톤,1.191
119,프로판올,0.298
120,톨루엔,0.149
120,헥세인,0.092
120,부타논,0.286
120,옥탄,0.08
120,노난,0.092
120,노나날,1.174
120,데카날,0.522
120,트리데칸,0.138
120,테트라데칸,0.446
120,펜타데칸,0.551
120,헥사데칸,0.929
120,에탄올,1.541
120,아세톤,1.21
120,프로판올,0.44
121,톨루엔,0.539
121,부타논,0.175
121,노나날,0.903
121,데카날,0.352
121,도데칸,0.049
121,트리데칸,0.058
121,테트라데칸,0.223
121,펜타데칸,0.421
121,헥사데칸,0.505
121,에탄올,2.351
121,아세톤,0.428
122,프로판올,0.38
122,부타논,0.238
122,데칸,1.488
122,운데칸,0.702
122,노나날,0.499
122,데카날,2.29
122,도데칸,0.857
122,트리데칸,0.988
122,테트라데칸,1.596
122,펜타데칸,1.119
122,헥사데칸,4.764
122,에탄올,3.047
122,아세톤,1.168
123,부타논,0.702
123,데칸,3.166
123,운데칸,0.684
123,노나날,0.582
123,데카날,5.408
123,도데칸,0.928
123,트리데칸,0.908
123,테트라데칸,1.985
123,펜타데칸,0.905
123,헥사데칸,7.084
123,에탄올,6.906
123,아세톤,1.315
123,부탄올,0.492
124,클로로포름,0.046
124,프로판올,2.054
124,노나날,0.759
124,데카날,0.126
124,나프탈렌,0.069
124,도데칸,0.115
124,트리데칸,0.127
124,테트라데칸,0.414
124,펜타데칸,0.357
124,헥사데칸,1.495
124,에탄올,1.13
125,스타이렌,0.113
125,클로로포름,0.056
125,톨루엔,0.607
125,프로판올,1.869
125,노나날,0.697
125,데카날,0.27
125,트리데칸,0.068
125,테트라데칸,0.336
125,펜타데칸,0.405
125,헥사데칸,1.685
126,프로판올,3.083
126,노나날,1.703
126,데카날,0.681
126,트리데칸,0.109
126,테트라데칸,0.327
126,펜타데칸,0.436
126,헥사데칸,0.762
126,에탄올,0.67
127,프로판올,0.56
127,옥탄,0.053
127,노나날,1.419
127,데카날,0.615
127,도데칸,0.042
127,트리데칸,0.105
127,테트라데칸,0.222
127,펜타데칸,0.318
127,헥사데칸,0.699
128,프로판올,1.566
128,부타논,0.015
128,옥탄,0.015
128,노나날,2.292
128,데카날,0.754
128,트리데칸,0.074
128,테트라데칸,0.207
128,펜타데칸,0.814
128,헥사데칸,3.519
129,프로판올,1.235
129,옥탄,0.065
129,노난,0.054
129,노나날,2.08
129,데카날,0.705
129,테트라데칸,0.195
129,펜타데칸,0.693
129,헥사데칸,5.264
129,에탄올,0.45
130,프로판올,2.701
130,옥탄,0.071
130,노난,0.045
130,노나날,1.763
130,데카날,0.781
130,테트라데칸,0.106
130,펜타데칸,0.321
130,헥사데칸,0.479
130,에탄올,1.07
130,아세톤,0.53
131,프로판올,2.292
131,옥탄,0.073
131,노난,0.073
131,노나날,2.138
131,데카날,0.843
131,트리데칸,0.049
131,테트라데칸,0.233
131,펜타데칸,0.427
131,헥사데칸,0.598
131,에탄올,0.95
132,톨루엔,0.727
132,자일렌,0.084
132,프로판올,0.558
132,노나날,0.759
132,데카날,0.495
132,도데칸,0.485
132,트리데칸,0.137
132,테트라데칸,2.929
132,펜타데칸,0.58
132,헥사데칸,10.579
133,톨루엔,0.995
133,자일렌,0.066
133,프로판올,0.938
133,노나날,0.696
133,데카날,0.456
133,도데칸,0.531
133,트리데칸,0.207
133,테트라데칸,3.167
133,펜타데칸,0.572
133,헥사데칸,11.309
133,에탄올,0.17
134,프로판올,0.128
134,옥탄,0.054
134,노난,0.054
134,운데칸,0.076
134,노나날,2.612
134,데카날,0.699
134,도데칸,0.022
134,트리데칸,0.054
134,테트라데칸,0.207
134,펜타데칸,0.248
134,헥사데칸,0.237
135,프로판올,0.078
135,노나날,2.983
135,데카날,0.798
135,테트라데칸,0.139
135,펜타데칸,0.441
135,헥사데칸,0.471
136,프로판올,3.585
136,노난,0.056
136,노나날,1.295
136,데카날,0.675
136,테트라데칸,0.316
136,펜타데칸,0.315
136,헥사데칸,0.418
136,에탄올,0.55
136,아세톤,0.22
137,프로판올,0.695
137,운데칸,0.11
137,노나날,2.239
137,데카날,0.881
137,트리데칸,0.073
137,테트라데칸,0.147
137,펜타데칸,0.514
137,헥사데칸,0.349
138,프로판올,1.008
138,노난,0.039
138,노나날,0.845
138,데카날,0.771
138,도데칸,0.052
138,트리데칸,0.059
138,테트라데칸,0.105
138,펜타데칸,0.436
138,헥사데칸,0.38
138,에탄올,0.46
139,에틸벤젠,0.233
139,스타이렌,9.762
139,벤젠,0.071
139,톨루엔,32.933
139,자일렌,0.396
139,헥산,0.157
139,부타논,0.071
139,펜타논,0.112
139,옥탄,0.208
139,노난,3.925
139,쿠멘,0.066
139,프로필벤젠,0.091
139,데칸,1.193
139,리모넨,3.231
139,시멘,0.076
139,부틸벤젠,0.03
139,운데칸,9.667
139,노나날,1.235
139,데카날,1.656
139,나프탈렌,0.081
139,알파-피넨,0.147
139,베타-피넨,0.03
139,에틸톨루엔,0.076
139,에틸톨루엔,0.152
139,에틸톨루엔,0.086
139,트리메틸벤젠,0.061
139,디메틸펜탄,0.289
139,도데칸,5.957
139,트리데칸,2.275
139,테트라데칸,0.883
139,펜타데칸,2.519
139,헥사데칸,2.077
139,에탄올,0.104
139,아세톤,0.728
139,부탄올,0.364
140,에틸벤젠,0.199
140,스타이렌,6.151
140,벤젠,0.069
140,톨루엔,10.937
140,자일렌,0.168
140,헥산,0.038
140,부타논,0.13
140,노난,0.061
140,쿠멘,0.207
140,프로필벤젠,0.054
140,리모넨,1.523
140,운데칸,0.122
140,노나날,0.275
140,데카날,0.253
140,나프탈렌,0.038
140,알파-피넨,0.069
140,에틸톨루엔,0.046
140,에틸톨루엔,0.084
140,에틸톨루엔,0.046
140,트리메틸벤젠,0.054
140,도데칸,0.314
140,트리데칸,0.283
140,테트라데칸,1.331
140,펜타데칸,0.482
140,헥사데칸,2.823
140,에탄올,0.475
140,아세톤,0.792
141,에틸벤젠,0.089
141,스타이렌,2.491
141,톨루엔,7.912
141,자일렌,0.119
141,쿠멘,0.119
141,데칸,0.244
141,리모넨,0.831
141,운데칸,0.149
141,노나날,0.569
141,데카날,0.507
141,나프탈렌,0.037
141,도데칸,1.027
141,트리데칸,0.253
141,테트라데칸,2.882
141,펜타데칸,0.295
141,헥사데칸,2.028
141,에탄올,0.966
141,아세톤,0.322
142,에틸벤젠,0.11
142,스타이렌,3.346
142,톨루엔,0.183
142,노난,0.051
142,쿠멘,0.037
142,리모넨,0.066
142,운데칸,0.125
142,노나날,0.176
142,도데칸,0.513
142,트리데칸,0.322
142,테트라데칸,3.508
142,펜타데칸,0.183
142,헥사데칸,5.836
142,에탄올,0.291
142,아세톤,0.727
143,에틸벤젠,0.627
143,스타이렌,0.782
143,톨루엔,0.573
143,자일렌,0.469
143,노나날,2.87
143,데카날,2.295
143,도데칸,0.313
143,트리데칸,0.313
143,테트라데칸,0.782
143,펜타데칸,1.457
143,헥사데칸,5.061
143,에탄올,2.04
143,부탄올,2.57
144,스타이렌,0.349
144,프로판올,0.132
144,노난,0.186
144,데칸,0.714
144,리모넨,0.636
144,운데칸,0.45
144,노나날,0.815
144,데카날,1.382
144,도데칸,2.624
144,트리데칸,0.761
144,테트라데칸,3.082
144,펜타데칸,0.737
144,헥사데칸,2.632
145,노나날,5.893
145,데카날,3.315
145,도데칸,0.552
145,트리데칸,0.737
145,테트라데칸,1.289
145,펜타데칸,1.472
145,헥사데칸,2.211
146,스타이렌,0.991
146,프로판올,0.26
146,노난,0.074
146,데칸,0.31
146,리모넨,1.027
146,운데칸,0.594
146,노나날,1.674
146,데카날,2.344
146,도데칸,2.244
146,트리데칸,2.348
146,테트라데칸,4.296
146,펜타데칸,1.925
146,헥사데칸,4.391
147,스타이렌,0.127
147,프로판올,0.186
147,데칸,0.077
147,리모넨,0.484
147,운데칸,0.068
147,노나날,0.779
147,데카날,0.508
147,도데칸,0.568
147,트리데칸,0.432
147,테트라데칸,2.616
147,펜타데칸,1.279
147,헥사데칸,3.167
147,아세톤,0.34
148,에틸벤젠,0.045
148,스타이렌,1.703
148,톨루엔,0.099
148,프로판올,0.28
148,노난,0.343
148,데칸,0.081
148,리모넨,1.053
148,운데칸,0.598
148,노나날,0.77
148,데카날,1.303
148,도데칸,1.731
148,트리데칸,1.081
148,테트라데칸,3.098
148,펜타데칸,2.776
148,헥사데칸,6.218
148,아세톤,0.26
149,스타이렌,0.398
149,톨루엔,0.087
149,자일렌,0.346
149,노난,0.075
149,리모넨,0.324
149,운데칸,0.313
149,노나날,0.475
149,데카날,1.154
149,도데칸,1.763
149,트리데칸,1.243
149,테트라데칸,4.629
149,펜타데칸,1.86
149,헥사데칸,7.798
150,스타이렌,0.092
150,톨루엔,0.025
150,자일렌,0.099
150,프로판올,0.059
150,부틸아세테이트,0.035
150,노난,0.035
150,데칸,0.206
150,리모넨,0.487
150,운데칸,0.202
150,노나날,0.614
150,데카날,0.9
150,나프탈렌,0.045
150,도데칸,2.056
150,트리데칸,0.921
150,테트라데칸,4.482
150,펜타데칸,0.469
150,헥사데칸,7.192
150,부탄올,0.11
151,스타이렌,0.292
151,톨루엔,0.055
151,자일렌,0.055
151,프로판올,0.25
151,옥탄,0.094
151,노난,0.071
151,데칸,0.613
151,리모넨,0.566
151,운데칸,0.447
151,노나날,0.91
151,데카날,1.12
151,도데칸,3.946
151,트리데칸,0.847
151,테트라데칸,14.179
151,펜타데칸,1.241
151,헥사데칸,29.234
151,부탄올,0.3
152,스타이렌,1.042
152,프로판올,0.599
152,데칸,0.098
152,리모넨,0.076
152,운데칸,0.11
152,노나날,0.893
152,데카날,1.343
152,알파-피넨,0.12
152,도데칸,0.633
152,트리데칸,0.48
152,테트라데칸,2.595
152,펜타데칸,1.235
152,에탄올,0.34
152,아세톤,0.45
153,스타이렌,0.044
153,프로판올,0.139
153,데칸,0.088
153,리모넨,0.192
153,운데칸,0.162
153,노나날,0.399
153,데카날,0.871
153,도데칸,1.38
153,트리데칸,0.487
153,테트라데칸,3.297
153,펜타데칸,0.797
153,헥사데칸,3.673
153,아세톤,0.22
154,프로판올,0.059
154,리모넨,0.103
154,운데칸,0.089
154,노나날,0.362
154,데카날,0.731
154,도데칸,0.93
154,트리데칸,0.473
154,테트라데칸,4.391
154,펜타데칸,0.952
154,헥사데칸,4.818
155,스타이렌,0.637
155,리모넨,0.34
155,운데칸,0.186
155,노나날,0.788
155,데카날,0.897
155,도데칸,1.587
155,트리데칸,0.427
155,테트라데칸,3.874
155,펜타데칸,0.186
155,헥사데칸,4.093
156,프로판올,0.053
156,노난,0.045
156,데칸,0.334
156,리모넨,0.061
156,운데칸,0.22
156,노나날,0.069
156,데카날,0.638
156,도데칸,2.067
156,트리데칸,0.705
156,테트라데칸,3.069
156,펜타데칸,0.371
156,헥사데칸,3.078
156,아세톤,0.51
157,스타이렌,0.323
157,톨루엔,0.621
157,프로판올,0.632
157,에틸아세테이트,0.103
157,노난,0.078
157,데칸,0.375
157,리모넨,0.31
157,시멘,0.22
157,운데칸,0.659
157,노나날,0.995
157,데카날,0.62
157,알파-피넨,0.116
157,도데칸,2.961
157,트리데칸,0.556
157,테트라데칸,4.604
157,펜타데칸,0.453
157,헥사데칸,6.814
157,에탄올,0.52
157,부탄올,0.52
158,스타이렌,0.256
158,프로판올,0.134
158,에틸아세테이트,0.391
158,옥탄,0.012
158,노난,0.061
158,데칸,0.281
158,리모넨,0366
158,운데칸,0.342
158,노나날,0.757
158,데카날,0.391
158,도데칸,2.357
158,트리데칸,0.318
158,테트라데칸,4.042
158,펜타데칸,0.208
158,헥사데칸,5.044
158,에탄올,0.76
159,스타이렌,0.722
159,프로판올,0.224
159,노난,0.149
159,데칸,0.373
159,리모넨,9.058
159,시멘,16.647
159,운데칸,0.361
159,노나날,0.722
159,데카날,0.61
159,알파-피넨,6.247
159,베타-피넨,1.63
159,도데칸,3.011
159,트리데칸,0.498
159,테트라데칸,3.845
159,펜타데칸,0.088
159,헥사데칸,3.495
159,아세톤,0.82
160,에틸벤젠,0.013
160,스타이렌,0.268
160,톨루엔,0.094
160,자일렌,0.054
160,데칸,0.389
160,리모넨,0.121
160,운데칸,0.335
160,노나날,0.402
160,데카날,0.63
160,도데칸,2.787
160,트리데칸,0.589
160,테트라데칸,3.564
160,펜타데칸,0.161
160,헥사데칸,3.859
161,스타이렌,0.932
161,톨루엔,0.131
161,자일렌,0.131
161,옥탄,0.065
161,노난,0.131
161,데칸,1.35
161,리모넨,0.34
161,운데칸,0.826
161,노나날,0.601
161,데카날,1.85
161,도데칸,3.394
161,트리데칸,0.879
161,테트라데칸,4.245
161,펜타데칸,0.684
161,헥사데칸,4.732
161,에탄올,0.76
162,스타이렌,0.165
162,프로판올,0.127
162,노난,0.088
162,데칸,0.05
162,리모넨,0.455
162,운데칸,0.187
162,노나날,0.745
162,데카날,0.559
162,나프탈렌,0.006
162,도데칸,1.332
162,트리데칸,0.75
162,테트라데칸,4.178
162,펜타데칸,1.028
162,헥사데칸,6.991
162,아세톤,0.23
162,부탄올,0.23
163,스타이렌,1.137
163,프로판올,0.158
163,노난,0.13
163,리모넨,0.892
163,운데칸,0.223
163,노나날,0.585
163,데카날,1.024
163,도데칸,0.891
163,트리데칸,1.478
163,테트라데칸,8.011
163,펜타데칸,2.697
163,헥사데칸,16.808
163,아세톤,0.45
164,스타이렌,0.539
164,톨루엔,0.073
164,자일렌,0.084
164,노난,0.084
164,데칸,0.233
164,리모넨,0.182
164,운데칸,0.546
164,노나날,0.252
164,데카날,0.544
164,나프탈렌,0.071
164,도데칸,0.948
164,트리데칸,0.779
164,테트라데칸,3.589
164,펜타데칸,0.944
164,헥사데칸,6.15
164,아세톤,0.36
165,스타이렌,0.714
165,톨루엔,0.067
165,자일렌,0.134
165,헥세인,0.042
165,노네인,0.084
165,데칸,0.109
165,리모넨,0.79
165,운데칸,0.294
165,노나날,0.244
165,데카날,1.212
165,도데칸,1.633
165,트리데칸,0.902
165,테트라데칸,3.277
165,펜타데칸,1.055
165,헥사데칸,3.833
165,아세톤,0.33
166,스타이렌,0.077
166,톨루엔,0.063
166,자일렌,0.124
166,리모넨,0.133
166,운데칸,0.105
166,노나날,0.287
166,데카날,0.903
166,도데칸,0.937
166,트리데칸,0.669
166,테트라데칸,2.326
166,펜타데칸,1.036
166,헥사데칸,2.747
166,아세톤,0.22
167,스타이렌,1.959
167,톨루엔,0.093
167,자일렌,0.213
167,노난,0.176
167,데칸,0.129
167,리모넨,1.361
167,운데칸,0.268
167,노나날,0.313
167,데카날,0.947
167,도데칸,1.628
167,트리데칸,0.831
167,테트라데칸,3.363
167,펜타데칸,0.387
167,헥사데칸,2.941
167,아세톤,0.28
168,스타이렌,0.295
168,프로판올,0.123
168,노난,0.057
168,데칸,0.057
168,리모넨,0.516
168,운데칸,0.369
168,노나날,0.467
168,데카날,0.927
168,도데칸,1.157
168,트리데칸,0.976
168,테트라데칸,3.865
168,펜타데칸,1.567
168,헥사데칸,2.806
169,스타이렌,1.114
169,프로판올,0.359
169,노난,0.118
169,데칸,0.101
169,리모넨,0.758
169,운데칸,0.25
169,노나날,0.616
169,데카날,0.889
169,도데칸,1.204
169,트리데칸,0.507
169,테트라데칸,3.427
169,펜타데칸,0.749
169,헥사데칸,2.909
169,아세톤,0.29
170,스타이렌,0.049
170,프로판올,0.234
170,리모넨,0.178
170,시멘,0.459
170,운데칸,0.121
170,노나날,0.544
170,데카날,1.213
170,알파-피넨,0.177
170,도데칸,1.872
170,트리데칸,1
170,테트라데칸,9.675
170,펜타데칸,2.359
170,헥사데칸,9.507
170,에탄올,0.72
170,아세톤,0.8
170,부탄올,0.73
171,스타이렌,0.214
171,톨루엔,0.068
171,자일렌,0.145
171,노난,0.046
171,리모넨,0.465
171,운데칸,0.19
171,노나날,0.297
171,데카날,0.888
171,도데칸,1.119
171,트리데칸,1.387
171,테트라데칸,2.428
171,펜타데칸,2.36
171,헥사데칸,2.834
171,아세톤,0.33
172,스타이렌,0.257
172,자일렌,0.245
172,프로판올,0.332
172,노난,0.043
172,리모넨,0.636
172,운데칸,0.189
172,노나날,0.799
172,데카날,1.213
172,도데칸,1.6
172,트리데칸,0.43
172,테트라데칸,2.694
172,펜타데칸,0.249
172,헥사데칸,2.237
172,아세톤,0.25
173,스타이렌,1.881
173,노난,0.163
173,데칸,0.506
173,리모넨,1.229
173,운데칸,0.452
173,노나날,0.705
173,데카날,0.632
173,도데칸,0.795
173,트리데칸,0.687
173,테트라데칸,2.765
173,펜타데칸,0.56
173,헥사데칸,2.458
174,스타이렌,0.1
174,톨루엔,0.037
174,프로판올,0.12
174,리모넨,0.421
174,운데칸,0.165
174,노나날,0.521
174,데카날,1.704
174,도데칸,1.531
174,트리데칸,0.623
174,테트라데칸,2.903
174,펜타데칸,1.08
174,헥사데칸,3.559
174,아세톤,0.43
175,스타이렌,0.569
175,노난,0.054
175,리모넨,1.139
175,운데칸,0.293
175,노나날,1.202
175,데카날,1.754
175,도데칸,1.859
175,트리데칸,0.671
175,테트라데칸,3.096
175,펜타데칸,0.193
175,헥사데칸,2.725
175,아세톤,0.36
176,스타이렌,0.446
176,톨루엔,0.051
176,자일렌,0.103
176,프로판올,1.923
176,부타논,0.158
176,에틸아세테이트,0.092
176,옥탄,0.034
176,노난,0.067
176,데칸,0.278
176,리모넨,0.177
176,운데칸,1.238
176,노나날,1.608
176,데카날,1.12
176,도데칸,2.14
176,트리데칸,0.285
176,테트라데칸,3.71
176,펜타데칸,0.411
176,헥사데칸,5.307
176,에탄올,1.62
176,아세톤,0.25
176,부탄올,3.26
177,프로판올,1.732
177,노나날,5.12
177,데카날,11.185
177,도데칸,0.504
177,트리데칸,0.361
177,테트라데칸,0.938
177,펜타데칸,1.875
177,헥사데칸,2.163
177,에탄올,2.79
178,에틸벤젠,0.123
178,스타이렌,3.02
178,벤젠,0.041
178,톨루엔,0.164
178,자일렌,0.431
178,헥산,0.298
178,에틸아세테이트,8.228
178,옥탄,0.349
178,노난,0.811
178,데칸,0.308
178,리모넨,2.034
178,운데칸,1.099
178,노나날,0.349
178,데카날,0.679
178,알파-피넨,0.082
178,베타-피넨,0.185
178,도데칸,0.679
178,트리데칸,1.87
178,테트라데칸,1.346
178,펜타데칸,1.315
178,헥사데칸,1.766
178,에탄올,0.533
178,아세톤,0.62
179,에틸벤젠,0.035
179,스타이렌,0.547
179,톨루엔,0.16
179,프로판올,0.14
179,에틸아세테이트,0.941
179,부틸아세테이트,0.23
179,데칸,0.541
179,리모넨,0.153
179,운데칸,0.32
179,노나날,0.984
179,데카날,2.208
179,에틸톨루엔,0.049
179,도데칸,3.837
179,트리데칸,0.383
179,테트라데칸,7.337
179,펜타데칸,0.656
179,헥사데칸,10.117
179,에탄올,2.14
179,부탄올,1.87
180,톨루엔,0.305
180,노나날,7.369
180,데카날,5.769
180,도데칸,0.363
180,트리데칸,1.845
180,테트라데칸,3.897
180,펜타데칸,7.495
180,헥사데칸,23.76
180,에탄올,3.43
181,에틸벤젠,0.032
181,스타이렌,1.506
181,톨루엔,0.056
181,에틸아세테이트,0.386
181,옥탄,0.08
181,노난,0.274
181,쿠멘,0.089
181,프로필벤젠,0.314
181,데칸,3.524
181,부틸벤젠,0.089
181,리모넨,0.595
181,시멘,0.048
181,부틸벤젠,0.073
181,운데칸,1.777
181,노나날,0.53
181,데카날,2.349
181,에틸톨루엔,0.443
181,에틸톨루엔,0.66
181,에틸톨루엔,0.483
181,트리메틸벤젠,0.249
181,트리메틸벤젠,0.604
181,트리메틸벤젠,1.223
181,도데칸,2.726
181,트리데칸,2.478
181,테트라데칸,4.192
181,펜타데칸,0.548
181,헥사데칸,5.673
181,아세톤,0.15
181,부탄올,0.3
182,스타이렌,0.356
182,톨루엔,0.475
182,프로판올,2.117
182,리모넨,2.545
182,노나날,7.112
182,데카날,4.256
182,도데칸,0.593
182,트리데칸,0.413
182,테트라데칸,13.691
182,펜타데칸,2.484
182,헥사데칸,31.05
183,스타이렌,0.502
183,프로판올,0.178
183,노난,0.138
183,데칸,0.227
183,리모넨,0.283
183,운데칸,0.421
183,노나날,0.567
183,데카날,0.971
183,도데칸,1.474
183,트리데칸,3.287
183,테트라데칸,6.412
183,펜타데칸,2.032
183,헥사데칸,9.902
184,스타이렌,0.143
184,노난,0.064
184,데칸,0.2
184,리모넨,0.214
184,운데칸,0.415
184,노나날,0.744
184,데카날,1.447
184,도데칸,1.468
184,트리데칸,3.765
184,테트라데칸,5.734
184,펜타데칸,1.123
184,헥사데칸,6.743
185,프로판올,0.07
185,데칸,0.07
185,리모넨,0.044
185,운데칸,0.167
185,노나날,0.625
185,데카날,1.027
185,도데칸,1.309
185,트리데칸,5.459
185,테트라데칸,6.657
185,펜타데칸,1.426
185,헥사데칸,3.667
186,스타이렌,0.05
186,노난,0.014
186,데칸,0.068
186,리모넨,0.079
186,운데칸,0.187
186,노나날,0.41
186,데카날,0.743
186,도데칸,0.65
186,트리데칸,1.097
186,테트라데칸,3.475
186,펜타데칸,0.742
186,헥사데칸,5.275
186,부탄올,0.37
187,스타이렌,0.151
187,노난,0.059
187,데칸,0.675
187,리모넨,0.21
187,운데칸,0.197
187,노나날,0.806
187,데카날,0.733
187,도데칸,3.926
187,트리데칸,0.445
187,테트라데칸,6.169
187,펜타데칸,0.615
187,헥사데칸,12.323
188,톨루엔,0.648
188,자일렌,0.093
188,데칸,0.058
188,리모넨,0.058
188,운데칸,0.173
188,노나날,0.341
188,데카날,0.59
188,도데칸,2.129
188,트리데칸,0.567
188,테트라데칸,5.802
188,펜타데칸,0.688
188,헥사데칸,17.217
189,스타이렌,0.266
189,톨루엔,0.344
189,자일렌,0.039
189,옥탄,0.016
189,노난,0.094
189,데칸,0.461
189,리모넨,0.391
189,운데칸,0.383
189,노나날,0.453
189,데카날,0.774
189,나프탈렌,0.008
189,도데칸,3.299
189,트리데칸,0.962
189,테트라데칸,8.35
189,펜타데칸,0.758
189,헥사데칸,16.879
189,부탄올,0.15
190,리모넨,0.094
190,운데칸,0.232
190,노나날,0.585
190,데카날,0.731
190,도데칸,0.722
190,트리데칸,0.98
190,테트라데칸,1.797
190,펜타데칸,1.341
190,헥사데칸,0.988
191,프로판올,0.126
191,리모넨,0.084
191,운데칸,0.244
191,노나날,1.24
191,데카날,1.08
191,도데칸,1.506
191,트리데칸,0.625
191,테트라데칸,6.452
191,펜타데칸,0.739
191,헥사데칸,8.306
191,아세톤,0.24
192,스타이렌,0.071
192,프로판올,0.149
192,노난,0.063
192,데칸,0.197
192,리모넨,0.22
192,운데칸,0.244
192,노나날,0.852
192,데카날,1.105
192,도데칸,3.068
192,트리데칸,0.734
192,테트라데칸,8.485
192,펜타데칸,1.113
192,헥사데칸,10.429
192,아세톤,0.56
193,리모넨,0.221
193,운데칸,0.11
193,노나날,0.669
193,데카날,0.576
193,도데칸,1.935
193,트리데칸,0.424
193,테트라데칸,4.723
193,펜타데칸,0.696
193,헥사데칸,6.642
194,스타이렌,0.584
194,리모넨,1.113
194,운데칸,0.079
194,노나날,1.279
194,데카날,0.484
194,도데칸,0.28
194,트리데칸,0.561
194,테트라데칸,0.938
194,펜타데칸,1.042
194,헥사데칸,2.506
194,아세톤,0.17
195,스타이렌,0.922
195,프로판올,0.162
195,노난,0.13
195,데칸,0.279
195,리모넨,0.688
195,운데칸,0.428
195,노나날,0.902
195,데카날,1.109
195,도데칸,2.69
195,트리데칸,0.525
195,테트라데칸,11.122
195,펜타데칸,0.519
195,헥사데칸,15.166
196,스타이렌,1.211
196,자일렌,0.054
196,프로판올,0.448
196,노난,0.28
196,데칸,0.594
196,리모넨,0.982
196,시멘,0.097
196,운데칸,0.648
196,노나날,1.449
196,데카날,1.144
196,나프탈렌,0.14
196,알파-피넨,0.065
196,트리메틸벤젠,0.097
196,도데칸,2.187
196,트리데칸,2.035
196,테트라데칸,6.743
196,펜타데칸,3.084
196,헥사데칸,12.787
196,아세톤,1.94
196,부탄올,0.39
197,스타이렌,0.059
197,톨루엔,0.119
197,자일렌,0.106
197,프로판올,0.124
197,에틸아세테이트,0.355
197,부틸아세테이트,0.057
197,노난,0.047
197,데칸,0.543
197,리모넨,0.187
197,운데칸,0.17
197,노나날,0.835
197,데카날,1.049
197,도데칸,3.259
197,트리데칸,0.594
197,테트라데칸,5.702
197,펜타데칸,1.391
197,헥사데칸,8.644
198,스타이렌,0.042
198,톨루엔,0.228
198,자일렌,0.056
198,프로판올,0.33
198,데칸,0.077
198,리모넨,0.131
198,운데칸,1.339
198,노나날,0.484
198,데카날,0.199
198,도데칸,0.87
198,트리데칸,0.394
198,테트라데칸,3.167
198,펜타데칸,0.194
198,헥사데칸,4.699
198,에탄올,15.3
198,부탄올,0.28
199,프로판올,0.073
199,리모넨,0.146
199,운데칸,0.121
199,노나날,1.625
199,데카날,0.775
199,도데칸,1.067
199,트리데칸,0.812
199,테트라데칸,13.593
199,펜타데칸,3.939
199,헥사데칸,49.481
199,아세톤,0.55
199,헵탄,4.39
199,부탄올,0.99
200,프로판올,0.193
200,노난,0.039
200,리모넨,0.106
200,운데칸,0.183
200,노나날,1.818
200,데카날,0.742
200,도데칸,1.204
200,트리데칸,0.684
200,테트라데칸,9.301
200,펜타데칸,0.937
200,헥사데칸,21.798
200,아세톤,0.39
201,톨루엔,2.663
201,자일렌,0.421
201,프로판올,3.607
201,노나날,5.822
201,데카날,10.714
201,펜타데칸,0.561
201,헥사데칸,0.561
201,아세톤,3.29
202,운데칸,0.348
202,노나날,2.702
202,데카날,1.268
202,알파-피넨,0.638
202,도데칸,0.696
202,트리데칸,1.053
202,테트라데칸,1.683
202,펜타데칸,4.235
202,헥사데칸,3.655
202,에탄올,6.664
203,스타이렌,1.223
203,톨루엔,0.239
203,자일렌,0.057
203,프로판올,0.154
203,옥탄,0.057
203,노난,0.153
203,데칸,0.554
203,리모넨,1.692
203,시멘,0.096
203,운데칸,0.363
203,노나날,1.032
203,데카날,1.07
203,도데칸,2.685
203,트리데칸,3.125
203,테트라데칸,3.077
203,펜타데칸,0.306
203,헥사데칸,1.978
203,에탄올,0.44
203,아세톤,0.26
204,스타이렌,0.743
204,톨루엔,0.051
204,헥산,0.051
204,옥탄,0.077
204,노난,0.137
204,데칸,0.359
204,리모넨,0.82
204,시멘,0.248
204,운데칸,0.521
204,노나날,0.461
204,데카날,0.657
204,알파-피넨,0.188
204,베타-피넨,0.085
204,도데칸,6.312
204,트리데칸,1.383
204,테트라데칸,19.164
204,펜타데칸,4.151
204,헥사데칸,33.677
204,에탄올,0.23
204,아세톤,1.09
204,부탄올,0.62
205,스타이렌,1.656
205,프로판올,0.29
205,리모넨,0.245
205,운데칸,0.017
205,노나날,2.78
205,데카날,2.069
205,도데칸,0.307
205,트리데칸,0.93
205,테트라데칸,32.43
205,펜타데칸,16.101
205,헥사데칸,8.482
205,아세톤,0.76
205,부탄올,1.7
206,스타이렌,0.16
206,프로판올,2.363
206,노난,0.123
206,데칸,0.087
206,리모넨,0.208
206,운데칸,0.281
206,노나날,1.392
206,데카날,1.149
206,도데칸,0.464
206,트리데칸,0.841
206,테트라데칸,1.758
206,펜타데칸,1.341
206,헥사데칸,2.542
206,에탄올,3.59
206,아세톤,0.61
207,스타이렌,0.227
207,프로판올,0.811
207,이소옥탄,0.043
207,노난,0.076
207,리모넨,0.14
207,운데칸,0.097
207,노나날,0.756
207,데카날,0.4
207,도데칸,0.562
207,트리데칸,0.173
207,테트라데칸,1.275
207,펜타데칸,0.205
207,헥사데칸,2.129
207,에탄올,1.65
207,헵탄,5.49
208,스타이렌,0.089
208,프로판올,0.586
208,데칸,0.213
208,리모넨,0.062
208,운데칸,0.284
208,노나날,0.844
208,데카날,0.639
208,도데칸,1.145
208,트리데칸,0.231
208,테트라데칸,4.688
208,펜타데칸,0.328
208,헥사데칸,5.017
208,에탄올,1.41
208,아세톤,0.29
208,프로판올,0.3
209,스타이렌,0.391
209,프로판올,0.362
209,노난,0.098
209,데칸,0.342
209,리모넨,0.44
209,운데칸,0.557
209,노나날,1.673
209,데카날,1.643
209,도데칸,1.369
209,트리데칸,1.164
209,테트라데칸,4.255
209,펜타데칸,1.986
209,헥사데칸,4.461
210,스타이렌,0.564
210,톨루엔,0.054
210,프로판올,0.236
210,노난,0.145
210,데칸,0.581
210,리모넨,0.672
210,운데칸,0.836
210,노나날,0.862
210,데카날,1.799
210,도데칸,1.244
210,트리데칸,1.408
210,테트라데칸,3.56
210,펜타데칸,1.862
210,헥사데칸,3.971
210,에탄올,0.3
211,스타이렌,0.576
211,노난,0.063
211,데칸,0.4
211,리모넨,0.355
211,운데칸,0.365
211,노나날,1.748
211,데카날,2.009
211,도데칸,4.943
211,트리데칸,1.266
211,테트라데칸,19.384
211,펜타데칸,2.889
211,헥사데칸,24.06
212,에틸벤젠,0.105
212,스타이렌,3.956
212,톨루엔,0.105
212,프로판올,0.931
212,쿠멘,0.105
212,데칸,0.615
212,리모넨,0.118
212,운데칸,0.499
212,노나날,2.287
212,데카날,1.07
212,도데칸,0.434
212,트리데칸,0.458
212,테트라데칸,1.798
212,펜타데칸,2.111
212,헥사데칸,4.429
212,에탄올,0.98
213,스타이렌,0.498
213,프로판올,0.048
213,노난,0.116
213,데칸,0.225
213,리모넨,0.171
213,운데칸,0.314
213,노나날,1.802
213,데카날,1.805
213,도데칸,0.676
213,트리데칸,1.058
213,테트라데칸,2.075
213,펜타데칸,1.249
213,헥사데칸,2.396
213,에탄올,0.28
213,부탄올,0.28
214,스타이렌,0.304
214,프로판올,0.063
214,노난,0.083
214,데칸,0.296
214,리모넨,0.149
214,운데칸,0.452
214,노나날,1.624
214,데카날,2.344
214,도데칸,1.587
214,트리데칸,1.744
214,테트라데칸,5.855
214,펜타데칸,1.652
214,헥사데칸,7.278
214,에탄올,1.39
214,부탄올,0.37
215,스타이렌,0.558
215,프로판올,0.251.
215,옥탄,0.032
215,노난,0.17
215,데칸,0.598
215,리모넨,0.476
215,운데칸,0.694
215,노나날,0.798
215,데카날,0.718
215,도데칸,0.855
215,트리데칸,0.661
215,테트라데칸,1.774
215,펜타데칸,0.992
215,헥사데칸,2.613
215,에탄올,0.16
216,스타이렌,0.504
216,프로판올,0.033
216,노난,0.052
216,리모넨,0.408
216,운데칸,0.208
216,노나날,1.332
216,데카날,1.204
216,도데칸,0.754
216,트리데칸,0.728
216,테트라데칸,2.16
216,펜타데칸,2.075
216,헥사데칸,3.102
216,에탄올,0.13
216,아세톤,0.26
217,스타이렌,0.59
217,톨루엔,0.052
217,프로판올,0.094
217,부타논,0.094
217,노난,0.124
217,리모넨,0.424
217,운데칸,0.331
217,노나날,0.642
217,데카날,1.625
217,트리메틸벤젠,0.093
217,도데칸,0.61
217,트리데칸,1.066
217,테트라데칸,0.972
217,펜타데칸,1.47
217,헥사데칸,1.738
217,에탄올,0.71
218,스타이렌,0.434
218,데칸,0.057
218,리모넨,0.709
218,운데칸,0.377
218,노나날,7.349
218,데카날,1.417
218,도데칸,1.383
218,트리데칸,0.389
218,테트라데칸,4.319
218,펜타데칸,0.697
218,헥사데칸,4.73
219,에틸벤젠,0.08
219,스타이렌,3.322
219,톨루엔,5.804
219,자일렌,0.12
219,헥산,0.181
219,옥탄,0.14
219,노난,0.84
219,데칸,1.301
219,리모넨,3.381
219,시멘,0.12
219,운데칸,1.581
219,노나날,1.401
219,데카날,2.4
219,알파-피넨,0.16
219,도데칸,2.863
219,트리데칸,2.201
219,테트라데칸,4.163
219,펜타데칸,3.782
219,헥사데칸,5.863
219,에탄올,2.111
219,아세톤,1.071
220,스타이렌,1.662
220,톨루엔,8.336
220,클로로벤젠,0.223
220,노난,0.223
220,프로필벤젠,0.149
220,리모넨,0.347
220,운데칸,0.422
220,노나날,0.467
220,데카날,0.372
220,나프탈렌,0.149
220,알파-피넨,0.124
220,에틸톨루엔,0.249
220,도데칸,1.44
220,트리데칸,2.086
220,테트라데칸,12.401
220,펜타데칸,5.86
220,헥사데칸,18.339
220,에탄올,1.015
220,아세톤,1.251
220,부탄올,0.507
221,에틸벤젠,0.206
221,스타이렌,4.653
221,벤젠,0.206
221,톨루엔,6.475
221,자일렌,0.138
221,헥산,0.16
221,옥탄,0.206
221,노난,0.779
221,데칸,0.25
221,리모넨,1.835
221,운데칸,1.057
221,노나날,0.891
221,데카날,1.977
221,알파-피넨,0.23
221,도데칸,10.423
221,트리데칸,2.246
221,테트라데칸,44.798
221,펜타데칸,2.015
221,헥사데칸,55.443
221,에탄올,3.025
221,아세톤,3.24
221,부탄올,0.864
222,스타이렌,0.399
222,톨루엔,9.554
222,프로판올,14.072
222,부타논,0.364
222,노난,0.364
222,데칸,0.862
222,리모넨,0.298
222,운데칸,0.664
222,데카날,0.531
222,알파-피넨,0.233
222,도데칸,3.619
222,트리데칸,2.291
222,테트라데칸,15.522
222,펜타데칸,4.978
222,헥사데칸,21.145
222,에탄올,1.851
222,아세톤,3.33
222,헵탄,57.361
222,부탄올,1.112
223,에틸벤젠,0.124
223,스타이렌,4.546
223,톨루엔,11.659
223,자일렌,0.247
223,프로판올,0.804
223,부타논,0.618
223,리모넨,0.742
223,노나날,1.515
223,데카날,2.876
223,도데칸,6.896
223,트리데칸,1.237
223,테트라데칸,70.044
223,펜타데칸,2.381
223,헥사데칸,98.678
223,에탄올,16.965
223,아세톤,1.786
223,부탄올,1.488
224,에틸벤젠,0.221
224,스타이렌,3.507
224,톨루엔,14.524
224,자일렌,0.415
224,프로판올,2.785
224,부타논,0.415
224,옥탄,0.054
224,쿠멘,0.166
224,데칸,3.757
224,리모넨,0.937
224,운데칸,0.221
224,노나날,1.101
224,데카날,1.879
224,도데칸,4.773
224,트리데칸,0.497
224,테트라데칸,8.804
224,펜타데칸,0.391
224,헥사데칸,5.694
224,에탄올,9.589
224,아세톤,2.075
224,부탄올,1.291
225,에틸벤젠,0.12
225,스타이렌,2.128
225,톨루엔,4.168
225,노난,0.24
225,데칸,0.362
225,리모넨,0.569
225,운데칸,0.959
225,도데칸,3.323
225,트리데칸,0.688
225,테트라데칸,14.53
225,펜타데칸,1.802
225,헥사데칸,15.092
225,에탄올,1.297
225,아세톤,2.594
226,에틸벤젠,0.193
226,스타이렌,6.706
226,톨루엔,0.303
226,부타논,0.366
226,리모넨,1.656
226,운데칸,0.248
226,노나날,1.867
226,데카날,1.658
226,알파-피넨,0.248
226,도데칸,0.932
226,트리데칸,1.577
226,테트라데칸,55.623
226,펜타데칸,24.023
226,헥사데칸,10.398
226,에탄올,2.152
226,아세톤,1.614
226,부탄올,7.499
227,에틸벤젠,0.157
227,스타이렌,4.415
227,톨루엔,0.279
227,자일렌,0.288
227,리모넨,1.429
227,운데칸,0.403
227,노나날,1.396
227,데카날,0.667
227,알파-피넨,0.249
227,트리메틸벤젠,0.187
227,도데칸,1.494
227,트리데칸,1.865
227,테트라데칸,49.521
227,펜타데칸,20.961
227,헥사데칸,10.098
227,에탄올,1.256
227,부탄올,8.161
228,에틸벤젠,0.083
228,스타이렌,0.291
228,톨루엔,0.873
228,자일렌,0.561
228,프로판올,1.393
228,부타논,1.101
228,펜타논,0.125
228,데칸,7.214
228,리모넨,4.532
228,시멘,0.291
228,부틸벤젠,0.228
228,운데칸,1.143
228,노나날,3.099
228,데카날,6.822
228,알파-피넨,1.185
228,베타-피넨,0.811
228,에틸톨루엔,0.125
228,에틸톨루엔,0.187
228,에틸톨루엔,0.125
228,트리메틸벤젠,0.166
228,트리메틸벤젠,0.333
228,도데칸,7.775
228,트리데칸,7.732
228,테트라데칸,6.359
228,펜타데칸,12.452
228,헥사데칸,8.714
228,에탄올,3.69
228,아세톤,16.932
228,프로판올,0.868
228,부탄올,2.605
229,에틸벤젠,0.114
229,스타이렌,0.343
229,톨루엔,0.381
229,자일렌,0.362
229,프로판올,1.2
229,부타논,0.933
229,펜타논,0.114
229,데칸,4.989
229,리모넨,7.236
229,시멘,0.362
229,운데칸,0.495
229,노나날,6.687
229,데카날,2.742
229,알파-피넨,0.571
229,베타-피넨,0.418
229,에틸톨루엔,0.114
229,에틸톨루엔,0.152
229,에틸톨루엔,0.114
229,트리메틸벤젠,0.171
229,트리메틸벤젠,0.286
229,도데칸,1.181
229,트리데칸,5.959
229,테트라데칸,6.537
229,펜타데칸,10.893
229,헥사데칸,9.544
229,에탄올,3.103
229,아세톤,14.059
229,프로판올,0.731
229,부탄올,2.192
230,톨루엔,1.153
230,프로판올,2.485
230,노나날,17.906
230,데카날,13.427
230,테트라데칸,3.897
230,펜타데칸,12.757
230,헥사데칸,37.385
231,프로판올,15.766
231,노나날,56.006
231,데카날,25.825
231,도데칸,3.354
231,테트라데칸,7.71
231,펜타데칸,8.049
231,헥사데칸,19.451
231,에탄올,13.25
231,아세톤,13.25
232,노나날,19.229
232,테트라데칸,3.466
232,펜타데칸,4.439
232,헥사데칸,8.438
232,아세톤,18.24
232,부탄올,9.12
233,톨루엔,3.092
233,노나날,8.068
233,데카날,6.095
233,도데칸,0.531
233,트리데칸,0.828
233,테트라데칸,1.816
233,펜타데칸,1.962
233,헥사데칸,1.275
233,에탄올,13.01
233,아세톤,2.91
233,부탄올,8.74
234,톨루엔,0.943
234,자일렌,3.06
234,노나날,22.404
234,데카날,23.577
234,트리데칸,2.138
234,테트라데칸,6.8
234,펜타데칸,8.676
234,헥사데칸,12.281
234,아세톤,6.98
235,톨루엔,2.555
235,노나날,8.46
235,데카날,5.208
235,트리데칸,1.027
235,테트라데칸,3.46
235,펜타데칸,3.215
235,헥사데칸,12.335
236,톨루엔,2.679
236,노나날,9.325
236,데카날,9.027
236,도데칸,0.595
236,트리데칸,1.206
236,테트라데칸,2.836
236,펜타데칸,5.798
236,헥사데칸,9.199
237,톨루엔,4.017
237,부타논,1.342
237,노나날,24.54
237,데카날,12.583
237,도데칸,1.146
237,트리데칸,3.97
237,테트라데칸,5.341
237,펜타데칸,7.959
237,헥사데칸,24.634
237,에탄올,24.6
237,아세톤,10.25
238,톨루엔,5.256
238,프로판올,3.605
238,노나날,23.406
238,데카날,22.042
238,테트라데칸,5.694
238,펜타데칸,4.135
238,헥사데칸,13.35
239,톨루엔,1.701
239,프로판올,2.505
239,노나날,8.895
239,데카날,4.739
239,도데칸,0.816
239,테트라데칸,2.291
239,펜타데칸,3.07
239,헥사데칸,3.967
240,프로판올,1.001
240,데칸,0.322
240,운데칸,0.715
240,노나날,3.683
240,데카날,2.11
240,도데칸,1.967
240,트리데칸,1.323
240,테트라데칸,5.97
240,펜타데칸,3.289
240,헥사데칸,9.942
241,스타이렌,0.482
241,프로판올,1.126
241,데칸,0.359
241,리모넨,0.201
241,운데칸,0.847
241,노나날,4.005
241,데카날,2.452
241,도데칸,2.798
241,트리데칸,1.815
241,테트라데칸,5.486
241,펜타데칸,2.63
241,헥사데칸,7.188
241,에탄올,0.88
241,아세톤,1.31
242,노나날,10.296
242,데카날,7.911
242,도데칸,0.975
242,트리데칸,4.875
242,테트라데칸,7.69
242,펜타데칸,12.676
242,헥사데칸,38.349
242,에탄올,3.51
243,스타이렌,0.544
243,프로판올,0.781
243,데칸,1.186
243,리모넨,0.483
243,운데칸,0.183
243,노나날,2.175
243,데카날,1.314
243,도데칸,0.942
243,트리데칸,0.698
243,테트라데칸,2.887
243,펜타데칸,1.608
243,헥사데칸,3.009
244,스타이렌,0.36
244,데칸,0.249
244,리모넨,0.331
244,노나날,2.994
244,데카날,1.856
244,도데칸,0.858
244,트리데칸,1.527
244,테트라데칸,6.351
244,펜타데칸,7.301
244,헥사데칸,11.597
245,에틸벤젠,0.178
245,스타이렌,8.538
245,톨루엔,0.203
245,자일렌,0.152
245,리모넨,2.049
245,운데칸,0.278
245,노나날,1.087
245,데카날,0.858
245,알파-피넨,1.595
245,베타-피넨,3.444
245,도데칸,0.557
245,트리데칸,1.593
245,테트라데칸,8.751
245,펜타데칸,3.217
245,헥사데칸,1.697
245,에탄올,1.061
245,아세톤,1.061
246,프로판올,6.111
246,에틸아세테이트,2.581
246,옥탄,0.744
246,부틸아세테이트,0.298
246,데칸,2.187
246,운데칸,0.695
246,노나날,1.142
246,데카날,3.382
246,도데칸,23.49
246,트리데칸,1.589
246,테트라데칸,54.98
246,펜타데칸,0.848
246,헥사데칸,72.756
246,에탄올,4.01
246,헵탄,258.86
246,부탄올,9.09
247,스타이렌,0.901
247,톨루엔,15.669
247,자일렌,0.175
247,헥산,0.146
247,에틸아세테이트,54.932
247,옥탄,0.289
247,노난,0.349
247,리모넨,0.175
247,운데칸,0.698
247,노나날,0.9
247,데카날,0.509
247,도데칸,1.891
247,트리데칸,1.862
247,테트라데칸,9.132
247,펜타데칸,7.095
247,헥사데칸,38.45
247,에탄올,1.671
247,아세톤,1.948
248,스타이렌,0.732
248,톨루엔,0.384
248,자일렌,0.245
248,이소옥탄,0.21
248,데칸,0.385
248,리모넨,0.524
248,운데칸,0.803
248,노나날,1.153
248,데카날,2.9
248,도데칸,5.837
248,트리데칸,3.319
248,테트라데칸,13.595
248,펜타데칸,4.788
248,헥사데칸,22.754
248,아세톤,0.73
248,헵탄,26.09
248,부탄올,1.09
249,톨루엔,0.441
249,자일렌,0.294
249,프로판올,0.256
249,리모넨,0.184
249,운데칸,0.662
249,노나날,1.397
249,데카날,3.496
249,도데칸,5.036
249,트리데칸,3.602
249,테트라데칸,11.065
249,펜타데칸,4.447
249,헥사데칸,17.093
249,헵탄,54.91
250,스타이렌,0.417
250,톨루엔,0.267
250,자일렌,0.21
250,데칸,0.386
250,리모넨,0.448
250,운데칸,0.922
250,노나날,1.131
250,데카날,3.314
250,도데칸,4.554
250,트리데칸,3.443
250,테트라데칸,10.523
250,펜타데칸,4.491
250,헥사데칸,14.96
250,아세톤,0.89
251,스타이렌,1.645
251,프로판올,0.609
251,리모넨,0.244
251,운데칸,0.457
251,노나날,1.371
251,데카날,1.797
251,도데칸,2.62
251,트리데칸,1.066
251,테트라데칸,48.619
251,펜타데칸,1.889
251,헥사데칸,69.272
252,에틸벤젠,0.181
252,스타이렌,3.908
252,톨루엔,0.414
252,자일렌,0.596
252,리모넨,0.621
252,운데칸,0.285
252,노나날,2.744
252,데카날,1.708
252,도데칸,1.45
252,트리데칸,2.718
252,테트라데칸,74.075
252,펜타데칸,35.926
252,헥사데칸,19.439
252,에탄올,0.8
253,톨루엔,0.198
253,에틸아세테이트,0.296
253,이소옥탄,0.149
253,운데칸,0.347
253,노나날,0.941
253,데카날,1.264
253,도데칸,1.931
253,트리데칸,1.46
253,테트라데칸,5.051
253,펜타데칸,2.229
253,헥사데칸,11.74
253,에탄올,2.71
253,아세톤,0.49
253,헵탄,20.53
253,부탄올,5.68
254,에틸벤젠,0.325
254,톨루엔,0.206
254, 자일렌,0.206
254,에틸아세테이트,0.147
254,부틸아세테이트,0.325
254,노나날,1.688
254,데카날,1.498
254,도데칸,2.284
254,트리데칸,0.503
254,테트라데칸,13.673
254,펜타데칸,0.335
254,헥사데칸,24.421
254,헵탄,53.45
254,부탄올,4.36
255,클로로포름,0.311
255,톨루엔,0.36
255,에틸아세테이트,1.967
255,이소옥탄,0.311
255,노나날,2.464
255,데카날,1.18
255,도데칸,3.979
255,트리데칸,0.671
255,테트라데칸,12.041
255,펜타데칸,1.238
255,헥사데칸,18.462
255,헵탄,51.97
255,부탄올,5.42
256,톨루엔,0.332
256, 자일렌,0.887
256,프로판올,1.001
256,데칸,0.224
256,운데칸,0.444
256,노나날,4.509
256,데카날,2.249
256,도데칸,11.312
256,트리데칸,1.514
256,테트라데칸,27.647
256,펜타데칸,2.182
256,헥사데칸,46.916
256,헵탄,96.24
256,부탄올,0.72
257,에틸벤젠,13.514
257, 자일렌,17.565
257,부타논,3.601
257,노나날,6.984
257,데카날,4.504
257,도데칸,1.127
257,트리데칸,4.046
257,테트라데칸,4.954
257,펜타데칸,6.304
257,헥사데칸,46.596
257,에탄올,11.29
257,아세톤,9.022
257,부탄올,13.532
258,리모넨,1.127
258,운데칸,3.778
258,노나날,3.805
258,도데칸,18.43
258,트리데칸,2.195
258,테트라데칸,36.285
258,펜타데칸,1.993
258,헥사데칸,52.63
258,에탄올,22.86
258,아세톤,1.21
258,헵탄,43.37
259,운데칸,1.601
259,노나날,3.159
259,도데칸,9.899
259,트리데칸,1.767
259,테트라데칸,23.026
259,펜타데칸,1.228
259,헥사데칸,36.27
259,에탄올,10.08
259,헵탄,33.11
260,스타이렌,0.368
260,옥탄,0.614
260,노난,0.246
260,데칸,0.4
260,리모넨,0.214
260,운데칸,0.491
260,노나날,0.767
260,데카날,3.251
260,도데칸,10.696
260,트리데칸,2.146
260,테트라데칸,25.577
260,펜타데칸,2.141
260,헥사데칸,33.739
260,에탄올,1.213
260,헵탄,115.087
260,부탄올,1.819
261,스타이렌,0.228
261,프로판올,1.885
261,에틸아세테이트,0.584
261,옥탄,0.325
261,데칸,0.422
261,리모넨,0.422
261,운데칸,2.5
261,노나날,3.377
261,데카날,2.403
261,도데칸,5.357
261,트리데칸,1.266
261,테트라데칸,11.654
261,펜타데칸,1.591
261,헥사데칸,20.219
261,에탄올,7.61
261,아세톤,8.52
261,헵탄,130.43
261,부탄올,5.04
262,프로판올,7.114
262,노나날,8.266
262,데카날,10.883
262,도데칸,0.672
262,트리데칸,0.672
262,테트라데칸,1.464
262,펜타데칸,2.032
262,헥사데칸,5.976
262,에탄올,11.03
262,아세톤,5.55
263,프로판올,3.195
263,노나날,9.779
263,데카날,18.138
263,도데칸,0.933
263,트리데칸,0.933
263,테트라데칸,1.329
263,펜타데칸,2.672
263,헥사데칸,8.028
264,프로판올,3.251
264,노나날,6.478
264,데카날,18.966
264,도데칸,1.077
264,트리데칸,1.259
264,테트라데칸,1.802
264,펜타데칸,4.684
264,헥사데칸,8.28
264,에탄올,5.63
264,아세톤,3.73
265,톨루엔,0.568
265,프로판올,2.852
265,노나날,7.298
265,데카날,5.754
265,테트라데칸,2.181
265,펜타데칸,2.49
265,헥사데칸,15.474
265,아세톤,1.76
266,스타이렌,0.042
266,톨루엔,0.042
266, 자일렌,0.07
266,에틸아세테이트,1.579
266,이소옥탄,0.056
266,옥탄,0.188
266,부틸아세테이트,0.531
266,데칸,0.6
266,운데칸,0.154
266,노나날,0.739
266,데카날,1.561
266,도데칸,3.518
266,트리데칸,0.301
266,테트라데칸,5.462
266,펜타데칸,0.405
266,헥사데칸,6.824
266,에탄올,1.01
266,헵탄,34.65
266,부탄올,0.8
267,스타이렌,0.714
267,이소옥탄,0.249
267,옥탄,0.341
267,리모넨,0.341
267,운데칸,0.311
267,노나날,0.869
267,데카날,0.496
267,도데칸,2.795
267,트리데칸,0.65
267,테트라데칸,7.611
267,펜타데칸,0.466
267,헥사데칸,8.29
267,에탄올,1.24
267,헵탄,141.078
267,부탄올,1.553
268,프로판올,5.827
268,노나날,11.709
268,데카날,21.28
268,도데칸,1.226
268,트리데칸,1.667
268,테트라데칸,9.571
268,펜타데칸,30.679
268,헥사데칸,71.517
269,에틸벤젠,1.544
269,톨루엔,2.772
269, 자일렌,1.228
269,리모넨,7.387
269,노나날,25.463
269,데카날,21.164
269,펜타데칸,1.228
269,헥사데칸,50.796
270,운데칸,0.393
270,노나날,3.192
270,데카날,2.012
270,도데칸,2.602
270,트리데칸,4.025
270,테트라데칸,20.62
270,펜타데칸,3.927
270,헥사데칸,27.736
270,에탄올,2
271,톨루엔,0.787
271, 자일렌,0.702
271,프로판올,4.524
271,에틸아세테이트,0.871
271,옥탄,0.17
271,부틸아세테이트,0.618
271,데칸,0.422
271,운데칸,0.281
271,노나날,0.928
271,데카날,2.81
271,도데칸,12.31
271,트리데칸,1.658
271,테트라데칸,30.862
271,펜타데칸,1.546
271,헥사데칸,39.296
271,에탄올,1.23
271,아세톤,0.9
271,헵탄,82.58
271,부탄올,3.07
272,프로판올,1.422
272,노나날,17.363
272,데카날,10.248
272,도데칸,3.131
272,트리데칸,3.983
272,테트라데칸,13.374
272,펜타데칸,20.772
272,헥사데칸,87.066
273,스타이렌,0.142
273,이소옥탄,0.236
273,운데칸,0.377
273,노나날,1.748
273,데카날,2.29
273,도데칸,1.887
273,트리데칸,3.094
273,테트라데칸,13.167
273,펜타데칸,4.956
273,헥사데칸,27.353
273,에탄올,2.77
273,헵탄,24.71
273,부탄올,1.38
274,프로판올,0.695
274,이소옥탄,0.598
274,데칸,0.598
274,운데칸,0.688
274,노나날,3.864
274,데카날,2.833
274,도데칸,5.83
274,트리데칸,6.167
274,테트라데칸,22.903
274,펜타데칸,6.525
274,헥사데칸,36.125
274,헵탄,107.72
274,부탄올,3.19
275,프로판올,0.201
275,옥탄,0.167
275,운데칸,0.415
275,노나날,1.485
275,데카날,1.694
275,도데칸,2.215
275,트리데칸,3.685
275,테트라데칸,8.455
275,펜타데칸,2.249
275,헥사데칸,17.4
275,에탄올,1.13
275,헵탄,56.32
275,부탄올,0.28
276,프로판올,0.508
276,이소옥탄,0.167
276,데칸,0.215
276,운데칸,0.314
276,노나날,1.463
276,데카날,1.156
276,도데칸,1.61
276,트리데칸,2.164
276,테트라데칸,11.222
276,펜타데칸,5.487
276,헥사데칸,17.526
276,헵탄,42.16
276,부탄올,2.07
277,이소옥탄,0.26
277,데칸,0.195
277,운데칸,0.811
277,노나날,1.719
277,데카날,4.055
277,도데칸,2.854
277,트리데칸,3.503
277,테트라데칸,11.029
277,펜타데칸,2.465
277,헥사데칸,16.997
277,헵탄,43.93
277,부탄올,1.29
278,스타이렌,0.515
278,노난,0.109
278,데칸,0.735
278,리모넨,0.515
278,운데칸,0.368
278,노나날,1.288
278,데카날,0.332
278,도데칸,11.007
278,트리데칸,2.723
278,테트라데칸,23.415
278,펜타데칸,2.356
278,헥사데칸,27.355
278,에탄올,1.873
278,헵탄,132.782
279,스타이렌,0.153
279,프로판올,0.102
279,데칸,1.476
279,리모넨,0.153
279,운데칸,0.585
279,노나날,1.86
279,데카날,3.582
279,도데칸,9.106
279,트리데칸,1.776
279,테트라데칸,14.788
279,펜타데칸,2.823
279,헥사데칸,25.022
279,헵탄,65.57
280,스타이렌,0.291
280,데칸,1.614
280,리모넨,0.161
280,운데칸,0.58
280,노나날,2.04
280,데카날,1.456
280,도데칸,8.212
280,트리데칸,1.801
280,테트라데칸,16.111
280,펜타데칸,3.137
280,헥사데칸,31.075
280,헵탄,104.79
281,스타이렌,0.931
281,톨루엔,3.607
281,프로판올,1.673
281,노나날,6.678
281,데카날,2.421
281,나프탈렌,0.359
281,도데칸,0.523
281,트리데칸,0.207
281,테트라데칸,1.356
281,펜타데칸,1.034
281,헥사데칸,1.971
281,에탄올,10.12
281,부탄올,5.86
282,프로판올,5.942
282,데칸,2.5
282,노나날,8.268
282,데카날,6.397
282,도데칸,2.028
282,트리데칸,1.561
282,테트라데칸,4.837
282,펜타데칸,5.146
282,헥사데칸,5.78
283,노나날,8.145
283,트리데칸,0.967
283,테트라데칸,3.513
283,펜타데칸,2.839
283,헥사데칸,13.942
283,에탄올,9.36
283,아세톤,2.685
284,스타이렌,0.29
284,클로로포름,0.161
284,톨루엔,1.738
284,리모넨,0.386
284,운데칸,0.644
284,노나날,1.126
284,데카날,1.641
284,나프탈렌,0.129
284,도데칸,3.862
284,트리데칸,1.995
284,테트라데칸,11.585
284,펜타데칸,2.446
284,헥사데칸,35.591
284,헵탄,15.73
284,부탄올,1.09
285,톨루엔,1.653
285, 자일렌,0.191
285,운데칸,0.507
285,노나날,1.401
285,데카날,0.981
285,도데칸,4.604
285,트리데칸,1.237
285,테트라데칸,11.308
285,펜타데칸,1.264
285,헥사데칸,30.862
285,헵탄,64.24
285,부탄올,1.28
286,톨루엔,1.528
286, 자일렌,0.475
286,이소옥탄,0.225
286,옥탄,0.125
286,부틸아세테이트,0.1
286,데칸,0.249
286,운데칸,0.275
286,노나날,1.402
286,데카날,1.003
286,도데칸,5.287
286,트리데칸,1.578
286,테트라데칸,14.798
286,펜타데칸,1.325
286,헥사데칸,32.921
286,헵탄,22.92
286,부탄올,1.22
287,스티에렌,0.317
287,톨루엔,0.5
287,부타논,0.455
287,리모넨,0.273
287,노나날,0.952
287,도데칸,2.042
287,트리데칸,1.587
287,테트라데칸,16.665
287,펜타데칸,1.807
287,헥사데칸,37.961
287,에탄올,1.286
287,헵탄,16.704
287,부탄올,1.713
288,톨루엔,1.212
288, 자일렌,0.463
288,프로판올,0.742
288,이소옥탄,0.347
288,노나날,2.026
288,데카날,0.985
288,도데칸,3.35
288,트리데칸,2.832
288,테트라데칸,38.052
288,펜타데칸,4.092
288,헥사데칸,82.793
288,에탄올,3
288,헵탄,3.61
289,에틸아세테이트,0.74
289,운데칸,0.646
289,노나날,1.627
289,데카날,1.132
289,베타-피넨,0.185
289,도데칸,0.831
289,트리데칸,1.662
289,테트라데칸,2.219
289,펜타데칸,2.13
289,헥사데칸,6.907
289,에탄올,2.76
289,헵탄,66.4
290,스티에렌,0.14
290,톨루엔,0.116
290,프로판올,0.188
290,노난,0.046
290,데칸,0.187
290,리모넨,0.444
290,운데칸,0.561
290,노나날,1.565
290,데카날,0.679
290,도데칸,3.364
290,트리데칸,1.472
290,테트라데칸,8.506
290,펜타데칸,1.519
290,헥사데칸,8.755
290,헵탄,86.25
291,프로판올,0.32
291,리모넨,1.051
291,운데칸,0.386
291,노나날,1.759
291,데카날,0.67
291,도데칸,3.906
291,트리데칸,1.934
291,테트라데칸,7.417
291,펜타데칸,1.471
291,헥사데칸,7.671
291,헵탄,100.6
292,스티에렌,0.142
292,프로판올,0.397
292,리모넨,0.312
292,운데칸,0.255
292,노나날,2.382
292,데카날,2.184
292,도데칸,5.359
292,트리데칸,0.936
292,테트라데칸,14.462
292,펜타데칸,1.219
292,헥사데칸,19.082
292,아세톤,1.84
292,헵탄,123.49
293,스티에렌,0.36
293,프로판올,2.421
293,노난,0.18
293,리모넨,0.583
293,운데칸,0.403
293,노나날,2.742
293,데카날,1.023
293,도데칸,1.483
293,트리데칸,1.663
293,테트라데칸,3.639
293,펜타데칸,2.655
293,헥사데칸,8.137
293,에탄올,3.02
293,헵탄,137.97
294,스티에렌,0.344
294,리모넨,0.344
294,운데칸,0.532
294,노나날,1.378
294,데카날,0.849
294,도데칸,0.601
294,트리데칸,2.131
294,테트라데칸,1.318
294,펜타데칸,8.12
294,헥사데칸,3.359
294,헵탄,61.87
295,스타이렌,0.466
295,프로판올,0.422
295,리모넨,0.329
295,노나날,5.688
295,데카날,1.15
295,도데칸,0.548
295,트리데칸,0.652
295,테트라데칸,2.592
295,펜타데칸,3.212
295,헥사데칸,9.383
296,헥산,0.249
296,이소옥탄,0.954
296,노나날,2.778
296,데카날,1.286
296,도데칸,2.321
296,트리데칸,1.036
296,테트라데칸,17.001
296,펜타데칸,1.324
296,헥사데칸,21.903
296,헵탄,66.47
296,부탄올,1.63
297,노나날,2.111
297,데카날,1.056
297,도데칸,2.303
297,트리데칸,0.959
297,테트라데칸,14.903
297,펜타데칸,1.247
297,헥사데칸,17.906
298,톨루엔,0.961
298,노나날,15.359
298,데카날,13.236
298,테트라데칸,0.943
298,펜타데칸,3.246
298,헥사데칸,21.958
299,에틸벤젠,0.116
299,스티에렌,2.435
299,톨루엔,0.348
299,자일렌,0.638
299,리모넨,0.435
299,운데칸,0.174
299,노나날,3.859
299,데카날,1.623
299,나프탈렌,0.174
299,도데칸,1.073
299,트리데칸,2.29
299,테트라데칸,59.422
299,펜타데칸,32.353
299,헥사데칸,21.154
299,부탄올,10.31
300,톨루엔,0.597
300,자일렌,0.299
300,이소옥탄,0.373
300,데칸,0.746
300,리모넨,1.53
300,운데칸,0.896
300,노나날,1.306
300,데카날,1.381
300,도데칸,5.149
300,트리데칸,1.493
300,테트라데칸,11.904
300,펜타데칸,1.68
300,헥사데칸,14.627
300,헵탄,97.29
300,부탄올,2.25
301,스티에렌,0.46
301,프로판올,1.038
301,노나날,2.829
301,데카날,1.706
301,도데칸,1.558
301,트리데칸,0.779
301,테트라데칸,6.468
301,펜타데칸,0.923
301,헥사데칸,3.753
301,에탄올,2.01
301,아세톤,1.15
301,프로판올,0.86
302,스티에렌,1.086
302,프로판올,1.603
302,부타논,0.111
302,리모넨,0.111
302,운데칸,0.201
302,노나날,2.68
302,데카날,2.436
302,알파-피넨,0.201
302,도데칸,1.627
302,트리데칸,1.341
302,테트라데칸,6.858
302,펜타데칸,3.959
302,헥사데칸,7.895
302,에탄올,4.49
302,아세톤,0.45
302,프로판올,1.8
303,에틸벤젠,1.02
303,톨루엔,3.288
303,자일렌,1.136
303,프로판올,1.709
303,노나날,10.14
303,데카날,5.931
303,도데칸,0.805
303,트리데칸,1.132
303,테트라데칸,2.865
303,펜타데칸,6.163
303,헥사데칸,20.108
303,에탄올,11.6
303,부탄올,9.28
304,에틸벤젠,0.183
304,스티에렌,0.762
304,톨루엔,0.397
304,자일렌,0.274
304,리모넨,0.305
304,운데칸,0.274
304,노나날,1.921
304,데카날,1.83
304,도데칸,4.483
304,트리데칸,1.189
304,테트라데칸,10.247
304,펜타데칸,0.488
304,헥사데칸,12.199
305,스티에렌,0.951
305,톨루엔,0.222
305,데칸,0.855
305,리모넨,0.505
305,운데칸,0.946
305,노나날,2.276
305,데카날,5.995
305,도데칸,6.087
305,트리데칸,2.864
305,테트라데칸,13.446
305,펜타데칸,5.87
305,헥사데칸,22.126
306,톨루엔,4.972
306,노나날,8.326
306,데카날,5.471
306,테트라데칸,1.421
306,펜타데칸,1.625
306,에탄올,10.42
306,아세톤,3.08
306,부탄올,8.33
307,스티에렌,0.692
307,톨루엔,1.164
307,프로판올,2.075
307,데칸,1.165
307,리모넨,1.25
307,시멘,1.077
307,운데칸,0.648
307,노나날,3.276
307,데카날,1.207
307,알파-피넨,1.639
307,베타-피넨,0.345
307,도데칸,6.294
307,트리데칸,1.336
307,테트라데칸,13.323
307,펜타데칸,3.707
307,헥사데칸,22.371
307,에탄올,1.15
307,헵탄,154.51
307,부탄올,1.53
308,프로판올,0.728
308,이소옥탄,0.317
308,데칸,0.317
308,리모넨,16.912
308,시멘,19.319
308,운데칸,1.108
308,노나날,1.425
308,데카날,1.331
308,알파-피넨,16.343
308,베타-피넨,5.767
308,도데칸,7.093
308,트리데칸,2.122
308,테트라데칸,9.404
308,펜타데칸,0.317
308,헥사데칸,9.374
308,아세톤,1.33
308,헵탄,40.83
308,부탄올,1.33
309,톨루엔,1.484
309,프로판올,0.883
309,에틸아세테이트,0.691
309,클로로벤젠,0.189
309,데칸,0.821
309,리모넨,0.347
309,시멘,0.221
309,운데칸,0.221
309,노나날,2.714
309,데카날,1.237
309,알파-피넨,0.758
309,베타-피넨,0.189
309,도데칸,4.83
309,트리데칸,0.852
309,테트라데칸,10.357
309,펜타데칸,1.8
309,헥사데칸,15.44
309,에탄올,6.81
309,헵탄,122.57
309,부탄올,1.24
310,스티에렌,0.323
310,톨루엔,0.701
310,프로판올,1.12
310,데칸,0.742
310,운데칸,1.436
310,노나날,7.857
310,데카날,16.386
310,도데칸,10.108
310,트리데칸,7.094
310,테트라데칸,17.97
310,펜타데칸,9.328
310,헥사데칸,16.147
310,에탄올,4.62
310,프로판올,1.39
310,헵탄,89.72
310,부탄올,2.76
311,스티에렌,0.204
311,톨루엔,0.373
311,자일렌,0.476
311,이소옥탄,0.476
311,데칸,0.972
311,운데칸,0.849
311,노나날,1.426
311,데카날,1.325
311,도데칸,5.368
311,트리데칸,2.242
311,테트라데칸,8.971
311,펜타데칸,0.535
311,헥사데칸,9.622
311,헵탄,63.95
311,부탄올,1.36
312,에틸벤젠,0.26
312,스티에렌,0.26
312,톨루엔,0.434
312,자일렌,0.778
312,이소옥탄,1.385
312,리모넨,7.285
312,운데칸,0.694
312,노나날,1.992
312,데카날,4.663
312,도데칸,3.685
312,트리데칸,2.292
312,테트라데칸,7.84
312,펜타데칸,0.696
312,헥사데칸,10.611
312,에탄올,2.52
312,헵탄,53.64
312,부탄올,2.52
313,스티에렌,0.496
313,프로판올,0.273
313,에틸아세테이트,0.342
313,이소옥탄,0.25
313,옥탄,0.217
313,노난,0.155
313,데칸,1.335
313,리모넨,1.371
313,운데칸,1.121
313,노나날,2.045
313,데카날,1.868
313,도데칸,5.448
313,트리데칸,0.901
313,테트라데칸,7
313,펜타데칸,0.842
313,헥사데칸,8.167
313,에탄올,1.2
313,헵탄,60.84
313,부탄올,1.2
314,스티에렌,0.512
314,톨루엔,0.288
314,데칸,2.47
314,운데칸,1.122
314,노나날,1.09
314,데카날,2.82
314,도데칸,7.501
314,트리데칸,1.827
314,테트라데칸,13.398
314,펜타데칸,1.732
314,헥사데칸,13.075
314,에탄올,1.37
314,헵탄,118.83
315,에틸벤젠,1.039
315,톨루엔,1.662
315, 자일렌,0.831
315,에틸아세테이트,2.282
315,리모넨,4.78
315,노나날,5.286
315,데카날,9.56
315,도데칸,0.833
315,트리데칸,1.351
315,테트라데칸,10.394
315,펜타데칸,12.687
315,헥사데칸,55.082
316,스타이렌,0.487
316,프로판올,1.762
316,리모넨,0.637
316,노나날,3.785
316,데카날,0.75
316,도데칸,0.412
316,트리데칸,0.412
316,테트라데칸,2.211
316,펜타데칸,2.099
316,헥사데칸,7.009
316,에탄올,1.48
317,프로판올,0.637
317,운데칸,0.268
317,노나날,2.475
317,데카날,2.478
317,도데칸,8.235
317,트리데칸,1.407
317,테트라데칸,21.73
317,펜타데칸,2.541
317,헥사데칸,24.442
317,헵탄,71.57
318,스타이렌,0.434
318,프로판올,1.275
318,이소옥탄,0.19
318,리모넨,0.38
318,운데칸,0.732
318,노나날,2.903
318,데카날,1.926
318,나프탈렌,0.163
318,알파-피넨,0.136
318,도데칸,2.631
318,트리데칸,3.283
318,테트라데칸,11.935
318,펜타데칸,7.731
318,헥사데칸,31.631
318,에탄올,9.98
318,아세톤,1.71
318,헵탄,31.36
318,부탄올,2.56
319,프로판올,1.497
319,이소옥탄,0.136
319,데칸,0.204
319,운데칸,0.816
319,노나날,2.818
319,데카날,1.664
319,나프탈렌,0.169
319,도데칸,2.958
319,트리데칸,2.654
319,테트라데칸,14.321
319,펜타데칸,14.52
319,헥사데칸,55.424
319,에탄올,10.6
319,아세톤,1.93
319,헵탄,38.84
319,부탄올,2.89
320,스타이렌,0.234
320,톨루엔,0.312
320, 자일렌,0.208
320,프로판올,0.676
320,옥탄,0.208
320,데칸,0.831
320,리모넨,1.143
320,시멘,1.299
320,운데칸,1.065
320,노나날,2.052
320,데카날,1.95
320,나프탈렌,0.26
320,알파-피넨,0.208
320,베타-피넨,0.156
320,도데칸,3.246
320,트리데칸,1.818
320,테트라데칸,12.155
320,펜타데칸,3.219
320,헥사데칸,27.298
320,헵탄,52.88
320,부탄올,0.52
321,톨루엔,0.419
321, 자일렌,0.239
321,프로판올,1.078
321,데칸,0.898
321,운데칸,1.137
321,노나날,6.044
321,데카날,3.591
321,나프탈렌,0.239
321,도데칸,6.343
321,트리데칸,2.873
321,테트라데칸,27.23
321,펜타데칸,3.77
321,헥사데칸,56.312
321,헵탄,32.83
321,부탄올,1.74
322,톨루엔,0.396
322, 자일렌,0.396
322,이소옥탄,0.396
322,리모넨,0.331
322,운데칸,3.503
322,노나날,5.816
322,데카날,5.148
322,나프탈렌,0.991
322,트리메틸벤젠,0.396
322,도데칸,4.758
322,트리데칸,5.024
322,테트라데칸,18.701
322,펜타데칸,12.356
322,헥사데칸,62.771
322,에탄올,17.99
322,아세톤,8.99
322,헵탄,101.6
322,부탄올,4.15
323,톨루엔,0.152
323, 자일렌,0.213
323,프로판올,0.766
323,리모넨,1.041
323,시멘,1.254
323,노나날,1.637
323,데카날,1.265
323,나프탈렌,0.184
323,도데칸,2.426
323,트리데칸,1.321
323,테트라데칸,14.287
323,펜타데칸,3.523
323,헥사데칸,29.325
323,헵탄,22.41
324,스티에렌,0.368
324,톨루엔,0.4
324,프로판올,0.156
324,에틸아세테이트,1.233
324,노난,0.277
324,데칸,3.816
324,리모넨,0.339
324,운데칸,0.801
324,노나날,2.442
324,데카날,3.98
324,도데칸,12.966
324,트리데칸,2.776
324,테트라데칸,18.115
324,펜타데칸,2.128
324,헥사데칸,19.083
324,에탄올,1.57
324,헵탄,95.41
325,프로판올,2.699
325,에틸아세테이트,0.605
325,노난,0.047
325,데칸,3.253
325,운데칸,0.744
325,노나날,3.714
325,데카날,2.745
325,도데칸,19.802
325,트리데칸,2.369
325,테트라데칸,33.74
325,펜타데칸,5.349
325,헥사데칸,47.432
325,에탄올,10.13
325,헵탄,144.73
326,톨루엔,1.038
326, 자일렌,0.107
326,프로판올,0.107
326,에틸아세테이트,0.559
326,옥탄,0.158
326,리모넨,0.32
326,운데칸,0.16
326,노나날,1.539
326,데카날,0.773
326,도데칸,1.811
326,트리데칸,1.437
326,테트라데칸,6.921
326,펜타데칸,0.852
326,헥사데칸,19.977
326,에탄올,161.94
326,헵탄,56.71
327,에틸벤젠,0.233
327,톨루엔,3.089
327, 자일렌,0.583
327,에틸아세테이트,0.35
327,이소옥탄,1.107
327,클로로벤젠,0.233
327,리모넨,1.049
327,운데칸,0.35
327,노나날,2.8
327,데카날,1.921
327,나프탈렌,0.35
327,도데칸,3.497
327,트리데칸,2.159
327,테트라데칸,19.351
327,펜타데칸,4.43
327,헥사데칸,48.312
327,에탄올,176.03
327,헵탄,62.94
327,부탄올,2.25
328,스티에렌,0.367
328,톨루엔,0.842
328, 자일렌,0.22
328,프로판올,0.293
328,에틸아세테이트,2.727
328,이소옥탄,0.586
328,클로로벤젠,0.293
328,노난,0.182
328,리모넨,0.478
328,운데칸,0.367
328,노나날,2.233
328,데카날,1.5
328,나프탈렌,0.147
328,도데칸,5.114
328,트리데칸,1.466
328,테트라데칸,25.694
328,펜타데칸,1.131
328,헥사데칸,47.93
328,에탄올,40.15
328,헵탄,40.15
328,부탄올,1.49
329,스티에렌,0.444
329,톨루엔,0.334
329,프로판올,1.19
329,노난,0.111
329,데칸,0.89
329,리모넨,0.408
329,운데칸,1.334
329,노나날,3.001
329,데카날,2.335
329,나프탈렌,0.222
329,알파-피넨,0.112
329,도데칸,6.254
329,트리데칸,3.263
329,테트라데칸,19.887
329,펜타데칸,4.078
329,헥사데칸,35.669
329,헵탄,27.97
330,스티에렌,0.385
330,운데칸,0.761
330,노나날,1.491
330,데카날,1.352
330,도데칸,1.782
330,트리데칸,1.826
330,테트라데칸,8.452
330,펜타데칸,2.871
330,헥사데칸,13.246
330,에탄올,0.79
331,스티에렌,0.434
331,클로로포름,0.174
331,프로판올,1.477
331,데칸,0.304
331,리모넨,0.261
331,운데칸,0.869
331,노나날,5.429
331,데카날,2.606
331,도데칸,1.781
331,트리데칸,1.173
331,테트라데칸,6.168
331,펜타데칸,0.869
331,헥사데칸,7.558
331,에탄올,5.17
331,프로판올,2.18
332,에틸벤젠,0.662
332,자일렌,0.547
332,부타논,3.062
332,노나날,6.595
332,데카날,5.913
332,도데칸,1.21
332,트리데칸,1.094
332,테트라데칸,5.049
332,펜타데칸,3.283
332,헥사데칸,3.158
333,부타논,2.365
333,노나날,12.439
333,데카날,11.328
333,트리데칸,0.872
333,테트라데칸,2.815
333,펜타데칸,7.218
333,헥사데칸,10.088
334,프로판올,23.976
334,노나날,11.862
334,데카날,20.623
334,도데칸,0.947
334,트리데칸,1.894
334,테트라데칸,11.077
334,펜타데칸,25.143
334,헥사데칸,76.631
334,에탄올,14.08
335,에틸벤젠,0.057
335,스티에렌,0.283
335,톨루엔,0.121
335,자일렌,0.097
335,프로판올,0.21
335,프로필벤젠,0.186
335,데칸,0.081
335,리모넨,0.541
336,스티에렌,0.171
336,톨루엔,0.107
336,프로판올,0.075
336,운데칸,0.053
336,노나날,0.63
336,데카날,2.129
336,도데칸,1.178
336,트리데칸,0.853
336,테트라데칸,10.947
336,펜타데칸,1.419
336,헥사데칸,13.583
337,톨루엔,0.122
337,리모넨,0.163
337,운데칸,0.145
337,노나날,0.731
337,데카날,0.834
337,도데칸,1.033
337,트리데칸,0.574
337,테트라데칸,3.242
337,펜타데칸,0.522
337,헥사데칸,7.814
337,아세톤,0.65
338,스티에렌,0.715
338,톨루엔,0.07
338,노난,0.187
338,데칸,0.503
338,리모넨,0.48
338,운데칸,0.572
338,노나날,0.456
338,데카날,0.643
338,도데칸,1.688
338,트리데칸,0.993
338,테트라데칸,5.476
338,펜타데칸,1.561
338,헥사데칸,7.896
339,프로판올,2.836
339,노나날,6.64
339,도데칸,0.196
339,트리데칸,0.328
339,테트라데칸,0.658
339,펜타데칸,1.38
339,헥사데칸,3.09
339,에탄올,3.25
339,아세톤,2.58
340,부타논,0.487
340,노나날,3.064
340,데카날,0.629
340,알파-피넨,0.279
340,트리데칸,1.461
340,테트라데칸,1.603
340,펜타데칸,1.882
340,헥사데칸,8.292
340,에탄올,5.699
341,에틸벤젠,0.064
341,스티에렌,1.227
341,톨루엔,0.137
341,자일렌,1.146
341,헥산,0.064
341,부타논,0.082
341,옥탄,0.064
341,노난,"0,229"
341,데칸,0.311
341,리모넨,0.321
341,운데칸,0.495
341,노나날,0.76
341,데카날,0.823
341,나프탈렌,0.055
341,도데칸,1.768
341,트리데칸,0.641
341,테트라데칸,4.515
341,펜타데칸,0.788
341,헥사데칸,6.686
341,에탄올,1.099
341,부탄올,2.102
342,스티에렌,0.454
342,노난,0.089
342,데칸,0.267
342,리모넨,0.968
342,운데칸,0.365
342,노나날,0.533
342,데카날,0.741
342,도데칸,1.54
342,트리데칸,1.402
342,테트라데칸,2.528
342,펜타데칸,2.202
342,헥사데칸,3.377
343,스티에렌,1.045
343,자일렌,0.042
343,노난,0.136
343,데칸,0.635
343,리모넨,1.045
343,운데칸,0.762
343,노나날,0.793
343,데카날,1.886
343,도데칸,2.263
343,트리데칸,1.346
343,테트라데칸,5.738
343,펜타데칸,2.306
343,헥사데칸,7.334
344,톨루엔,0.237
344,노나날,12.066
344,데카날,5.43
344,도데칸,1.012
344,트리데칸,3.142
344,테트라데칸,6.588
344,펜타데칸,10.783
344,헥사데칸,26.989
344,에탄올,5.08
344,아세톤,1.27
345,스티에렌,0.061
345,톨루엔,0.073
345,자일렌,0.073
345,노나날,0.587
345,데카날,0.306
345,도데칸,1.149
345,트리데칸,0.367
345,테트라데칸,4.939
345,펜타데칸,2.275
345,헥사데칸,15.002
345,헵탄,1.11
346,에틸벤젠,0.036
346,스티에렌,0.145
346,톨루엔,0.06
346,자일렌,0.066
346,에틸아세테이트,0.186
346,부틸아세테이트,0.379
346,클로로벤젠,0.06
346,노난,0.036
346,데칸,0.216
346,리모넨,0.151
346,운데칸,0.211
346,노나날,0.584
346,데카날,0.344
346,도데칸,1.259
346,트리데칸,0.536
346,테트라데칸,2.844
346,펜타데칸,0.319
346,헥사데칸,4.109
346,에탄올,2.85
346,부탄올,1.55
347,스티에렌,0.724
347,톨루엔,0.202
347,자일렌,0.067
347,에틸아세테이트,0.084
347,데칸,0.032
347,리모넨,0.421
347,운데칸,0.337
347,노나날,0.96
347,데카날,0.842
347,도데칸,1.145
347,트리데칸,1.835
347,테트라데칸,3.619
347,펜타데칸,1.65
347,헥사데칸,7.967
347,헵탄,1.14
347,부탄올,2.28
348,스티에렌,0.14
348,자일렌,0.1
348,프로판올,0.191
348,노난,0.09
348,데칸,0.088
348,리모넨,0.11
348,운데칸,0.241
348,노나날,1.104
348,데카날,0.707
348,나프탈렌,0.121
348,도데칸,2.96
348,트리데칸,1.243
348,테트라데칸,13.416
348,펜타데칸,1.376
348,헥사데칸,16.407
349,에틸벤젠,15.207
349,자일렌,12.775
349,프로판올,3.616
349,노나날,6.875
349,데카날,4.971
349,나프탈렌,0.809
349,도데칸,0.37
349,테트라데칸,2.682
349,펜타데칸,4.476
349,헥사데칸,31.661
349,부탄올,2.36
350,리모넨,0.132
350,운데칸,0.466
350,노나날,0.708
350,데카날,0.208
350,도데칸,3.25
350,트리데칸,0.811
350,테트라데칸,9.007
350,펜타데칸,0.755
350,헥사데칸,12.511
350,에탄올,6.32
350,아세톤,0.13
351,리모넨,0.128
351,운데칸,0.064
351,노나날,0.602
351,데카날,1.296
351,도데칸,0.556
351,트리데칸,0.776
351,테트라데칸,3.178
351,펜타데칸,2.529
351,헥사데칸,5.588
352,리모넨,0.288
352,운데칸,0.177
352,노나날,0.761
352,데카날,2.107
352,도데칸,2.394
352,트리데칸,0.849
352,테트라데칸,5.393
352,펜타데칸,1.196
352,헥사데칸,6.385
353,스티에렌,0.637
353,프로판올,0.464
353,노난,0.054
353,데칸,0.08
353,리모넨,0.494
353,운데칸,0.287
353,노나날,1.859
353,데카날,1.445
353,도데칸,1.148
353,트리데칸,0.395
353,테트라데칸,2.44
353,펜타데칸,0.734
353,헥사데칸,3.465
353,에탄올,1.39
353,프로판올,0.44
354,스티에렌,0.243
354,데칸,0.176
354,리모넨,0.558
354,운데칸,0.42
354,노나날,1.302
354,데카날,2.848
354,도데칸,3.639
354,트리데칸,0.913
354,테트라데칸,6.332
354,펜타데칸,1.327
354,헥사데칸,7.052
355,스티에렌,0.198
355,리모넨,0.712
355,운데칸,0.378
355,노나날,1.036
355,데카날,1.243
355,도데칸,2.685
355,트리데칸,1.079
355,테트라데칸,4.165
355,펜타데칸,0.121
355,헥사데칸,2.886
355,아세톤,0.34
356,스티에렌,0.348
356,리모넨,0.717
356,운데칸,0.344
356,노나날,1.184
356,데카날,1.957
356,도데칸,3.085
356,트리데칸,0.624
356,테트라데칸,4.974
356,펜타데칸,0.659
356,헥사데칸,4.818
357,스티에렌,0.585
357,프로판올,0.229
357,노난,0.086
357,데칸,0.102
357,리모넨,0.576
357,운데칸,0.196
357,노나날,0.704
357,데카날,0.81
357,도데칸,1.514
357,트리데칸,0.362
357,테트라데칸,3.079
357,펜타데칸,0.239
357,헥사데칸,2.832
357,아세톤,0.29
358,프로판올,8.136
358,노나날,9.206
358,데카날,10.84
358,도데칸,0.722
358,트리데칸,1.369
358,테트라데칸,6.762
358,펜타데칸,15.177
358,헥사데칸,53.318
359,톨루엔,0.347
359,프로판올,1.884
359,이소옥탄,0.429
359,옥탄,0.135
359,데칸,1.448
359,리모넨,0.107
359,운데칸,0.564
359,노나날,1.954
359,데카날,4.861
359,도데칸,13.789
359,트리데칸,1.688
359,테트라데칸,28.725
359,펜타데칸,3.651
359,헥사데칸,48.252
359,에탄올,19.02
359,아세톤,1.53
359,프로판올,3.09
359,헵탄,61.77
359,부탄올,2.04
360,스타이렌,0.16
360,톨루엔,0.225
360,프로판올,0.521
360,이소옥탄,0.517
360,옥탄,0.129
360,데칸,0.806
360,리모넨,0.256
360,운데칸,0.483
360,노나날,3.003
360,데카날,2.52
360,도데칸,7.526
360,트리데칸,1.29
360,테트라데칸,16.207
360,펜타데칸,1.907
360,헥사데칸,27.77
360,에탄올,7.66
360,아세톤,0.64
360,헵탄,72.01
360,부탄올,2.55
361,스타이렌,0.278
361,톨루엔,0.743
361, 자일렌,0.557
361,프로판올,0.648
361,데칸,1.207
361,리모넨,0.418
361,운데칸,0.511
361,노나날,4.268
361,데카날,3.807
361,도데칸,11.928
361,트리데칸,2.32
361,테트라데칸,26.592
361,펜타데칸,7.841
361,헥사데칸,46.36
361,에탄올,1.83
361,아세톤,1.83
361,헵탄,0.92
361,부탄올,2.28
362,에틸벤젠,0.249
362,스타이렌,0.684
362,톨루엔,0.748
362, 자일렌,1.058
362,프로판올,1.126
362,옥탄,0.129
362,노난,0.374
362,데칸,2.863
362,리모넨,1.058
362,운데칸,0.997
362,노나날,4.174
362,데카날,5.924
362,나프탈렌,0.374
362,도데칸,21.017
362,트리데칸,4.046
362,테트라데칸,41.007
362,펜타데칸,5.043
362,헥사데칸,61.336
362,에탄올,9.08
362,아세톤,3.89
362,부탄올,3.89
363,에틸벤젠,0.44
363,톨루엔,3.806
363, 자일렌,1.15
363,프로판올,13.859
363,노나날,7.966
363,데카날,32.028
363,나프탈렌,0.533
363,테트라데칸,0.632
363,펜타데칸,0.625
363,헥사데칸,0.696
363,아세톤,4.62
364,에틸벤젠,1.003
364,톨루엔,1.681
364, 자일렌,0.797
364,운데칸,0.56
364,노나날,3.074
364,데카날,2.636
364,도데칸,4.001
364,트리데칸,0.589
364,테트라데칸,9.292
364,펜타데칸,0.706
364,헥사데칸,8.094
364,에탄올,0.67
364,헵탄,64.96
365,에틸벤젠,0.161
365,스티에렌,1.03
365,톨루엔,3.286
365, 자일렌,0.676
365,노난,1.417
365,데칸,0.999
365,리모넨,0.226
365,운데칸,0.999
365,노나날,1.031
365,데카날,0.485
365,에틸톨루엔,0.193
365,에틸톨루엔,0.29
365,트리메틸벤젠,0.193
365,트리메틸벤젠,0.161
365,트리메틸벤젠,0.451
365,도데칸,2.964
365,트리데칸,1.16
365,테트라데칸,6.411
365,펜타데칸,3.846
365,헥사데칸,8.956
365,헵탄,28.795
366,스티에렌,0.287
366,프로판올,0.883
366,에틸아세테이트,0.182
366,이소옥탄,0.157
366,옥탄,0.212
366,노난,0.105
366,데칸,0.885
366,리모넨,0.157
366,운데칸,0.445
366,노나날,1.679
366,데카날,0.495
366,도데칸,6.479
366,트리데칸,1.281
366,테트라데칸,17.134
366,펜타데칸,0.998
366,헥사데칸,39.126
366,에탄올,1.06
366,헵탄,67.24
366,부탄올,1.33
367,에틸벤젠,0.222
367,스티에렌,0.2
367,톨루엔,1.153
367, 자일렌,0.222
367,프로판올,0.268
367,데칸,0.754
367,리모넨,0.377
367,운데칸,1.13
367,노나날,1.907
367,데카날,3.235
367,도데칸,4.347
367,트리데칸,1.862
367,테트라데칸,10.107
367,펜타데칸,3.455
367,헥사데칸,12.722
368,스티에렌,0.303
368,톨루엔,9.769
368, 자일렌,1.098
368,에틸아세테이트,2.649
368,부틸아세테이트,0.566
368,노난,0.871
368,데칸,1.287
368,노나날,1.285
368,데카날,1.559
368,에틸톨루엔,0.227
368,트리메틸벤젠,0.34
368,도데칸,3.816
368,트리데칸,1.366
368,테트라데칸,9.697
368,펜타데칸,1.098
368,헥사데칸,11.287
368,에탄올,1.416
368,헵탄,35.76
369,톨루엔,0.982
369,노나날,11.098
369,데카날,7.962
369,테트라데칸,7.384
369,펜타데칸,19.464
369,헥사데칸,51.37
370,프로판올,0.638
370,데칸,1.034
370,리모넨,0.172
370,운데칸,1.09
370,노나날,1.968
370,데카날,2.834
370,알파-피넨,0.144
370,도데칸,3.209
370,트리데칸,1.952
370,테트라데칸,11.87
370,펜타데칸,3.035
370,헥사데칸,12.028
370,헵탄,24.7
371,톨루엔,1.065
371,프로판올,2.816
371,데칸,1.227
371,운데칸,1.304
371,노나날,1.251
371,데카날,3.171
371,도데칸,2.701
371,트리데칸,1.916
371,테트라데칸,11.027
371,펜타데칸,3.577
371,헥사데칸,15.827
371,헵탄,28.27
372,트리클로로벤젠,0.037
372,운데칸,0.352
372,노나날,1.013
372,데카날,1.919
372,도데칸,5.988
372,트리데칸,1.41
372,테트라데칸,17.089
372,펜타데칸,1.353
372,헥사데칸,19.375
372,에탄올,2.027
372,헵탄,85.664
373,스티에렌,0.725
373,프로판올,0.761
373,데칸,1.449
373,리모넨,0.797
373,운데칸,1.775
373,노나날,2.934
373,데카날,3.259
373,도데칸,3.006
373,트리데칸,2.101
373,테트라데칸,10.54
373,펜타데칸,4.201
373,헥사데칸,15.827
373,에탄올,1.38
373,헵탄,57.61
374,스티에렌,0.504
374,프로판올,0.882
374,데칸,1.008
374,리모넨,0.756
374,운데칸,1.47
374,노나날,2.899
374,데카날,4.579
374,도데칸,5.083
374,트리데칸,3.277
374,테트라데칸,16.252
374,펜타데칸,4.452
374,헥사데칸,21.757
374,헵탄,7.68
375,스티에렌,0.396
375,톨루엔,0.396
375,프로판올,0.56
375,데칸,0.429
375,리모넨,0.561
375,시멘,0.132
375,운데칸,0.692
375,노나날,2.835
375,데카날,4.022
375,도데칸,22.814
375,트리데칸,57.893
375,테트라데칸,40.189
375,펜타데칸,0.725
375,헥사데칸,11.935
375,에탄올,1.97
375,아세톤,0.65
375,부탄올,0.65
376,스티에렌,0.273
376,프로판올,1.127
376,노닌,0.325
376,데칸,1.192
376,리모넨,0.434
376,운데칸,1.461
376,노나날,5.448
376,데카날,3.134
376,도데칸,3.351
376,트리데칸,3.299
376,테트라데칸,24.774
376,펜타데칸,5.674
376,헥사데칸,32.729
377,스티에렌,0.441
377,톨루엔,1.356
377, 자일렌,0.316
377,프로판올,1.037
377,옥탄,0.062
377,데칸,1.955
377,리모넨,1.358
377,시멘,0.852
377,운데칸,1.042
377,노나날,2.778
377,데카날,2.592
377,도데칸,4.581
377,트리데칸,1.106
377,테트라데칸,6.38
377,펜타데칸,0.349
377,헥사데칸,7.233
377,에탄올,38.67
378,스티에렌,0.19
378,프로판올,0.531
378,리모넨,0.872
378,운데칸,0.758
378,노나날,2.762
378,데카날,3.224
378,도데칸,5.879
378,트리데칸,2.92
378,테트라데칸,19.941
378,펜타데칸,12.886
378,헥사데칸,39.181
379,스티에렌,0.4
379,프로판올,0.619
379,리모넨,1.892
379,운데칸,0.837
379,노나날,1.93
379,데카날,3.788
379,도데칸,5.423
379,트리데칸,3.202
379,테트라데칸,15.102
379,펜타데칸,9.57
379,헥사데칸,27.399
380,스티에렌,0.997
380,프로판올,2.089
380,데칸,0.937
380,리모넨,0.821
380,운데칸,1.395
380,노나날,4.139
380,데카날,3.078
380,도데칸,3.195
380,트리데칸,2.325
380,테트라데칸,12.201
380,펜타데칸,3.667
380,헥사데칸,19.872
380,에탄올,3.58
380,아세톤,1.8
380,헵탄,79.12
381,프로판올,8.595
381,리모넨,1.205
381,운데칸,0.381
381,노나날,2.86
381,데카날,2.091
381,도데칸,5.774
381,트리데칸,2.663
381,테트라데칸,30.97
381,펜타데칸,9.391
381,헥사데칸,40.425
381,에탄올,4.37
381,헵탄,45.18
381,부탄올,2.51
382,노나날,4.076
382,데카날,2.528
382,도데칸,0.572
382,트리데칸,2.104
382,테트라데칸,2.118
382,펜타데칸,3.663
382,헥사데칸,11.231
382,에탄올,3.24
382,부탄올,1.62
383,스티에렌,0.325
383,프로판올,1.702
383,데칸,0.725
383,리모넨,0.254
383,운데칸,0.871
383,노나날,2.673
383,데카날,2.76
383,도데칸,2.039
383,트리데칸,1.447
383,테트라데칸,7.034
383,펜타데칸,2.451
383,헥사데칸,11.108
383,에탄올,0.7
383,아세톤,1.4
383,헵탄,23.33
384,스티에렌,0.716
384,프로판올,2.686
384,운데칸,0.844
384,노나날,5.091
384,데카날,3.574
384,도데칸,7.05
384,트리데칸,2.887
384,테트라데칸,38.306
384,펜타데칸,4.572
384,헥사데칸,35.778
384,에탄올,1.86
384,아세톤,2.31
384,헵탄,65.11
385,노나날,9.749
385,데카날,7.079
385,도데칸,0.929
385,트리데칸,3.596
385,테트라데칸,6.501
385,펜타데칸,19.15
385,헥사데칸,51.765
386,스티에렌,0.279
386,에틸아세테이트,3.222
386,운데칸,0.716
386,노나날,2.544
386,데카날,1.235
386,도데칸,0.594
386,트리데칸,2.702
386,테트라데칸,1.869
386,펜타데칸,2.273
386,헥사데칸,4.701
386,에탄올,1.66
386,헵탄,107.51
387,프로판올,1.503
387,운데칸,0.476
387,노나날,2.88
387,데카날,2.028
387,도데칸,4.006
387,트리데칸,1.628
387,테트라데칸,21.709
387,펜타데칸,2.58
387,헥사데칸,20.211
387,에탄올,1.71
387,아세톤,1.22
388,프로판올,2.407
388,이소옥탄,0.375
388,옥탄,0.262
388,데칸,0.638
388,운데칸,0.45
388,노나날,3.149
388,데카날,1.2
388,도데칸,8.888
388,트리데칸,1.237
388,테트라데칸,17.664
388,펜타데칸,2.55
388,헥사데칸,37.759
388,에탄올,5.48
388,프로판올,3.52
388,헵탄,104.38
388,부탄올,1.56
389,스티에렌,2.212
389,프로판올,3.566
389,데칸,0.268
389,리모넨,0.635
389,운데칸,0.603
389,노나날,2.996
389,데카날,3.659
389,알파-피넨,0.105
389,도데칸,3.148
389,트리데칸,5.425
389,테트라데칸,116.444
389,펜타데칸,50.582
389,헥사데칸,24.654
389,에탄올,1.34
389,아세톤,2.71
390,프로판올,1.518
390,이소옥탄,0.866
390,옥탄,0.166
390,데칸,0.508
390,리모넨,0.204
390,운데칸,0.287
390,노나날,4.253
390,데카날,1.859
390,도데칸,5.886
390,트리데칸,1.319
390,테트라데칸,19.993
390,펜타데칸,2.626
390,헥사데칸,31.083
390,부탄올,1.91
390,헵탄,84.92
391,스티에렌,1.218
391,프로판올,1.885
391,리모넨,0.55
391,노나날,8.837
391,데카날,6.716
391,헥사클로로부타디엔,0.039
391,알파-피넨,0.236
391,도데칸,0.275
391,트리데칸,0.786
391,테트라데칸,3.339
391,펜타데칸,6.834
391,헥사데칸,6.559
391,에탄올,1.96
391,아세톤,1.57
392,스티에렌,0.557
392,톨루엔,1.277
392,노난,0.263
392,운데칸,0.43
392,노나날,0.917
392,데카날,0.407
392,도데칸,2.14
392,트리데칸,1.248
392,테트라데칸,5.648
392,펜타데칸,0.53
392,헥사데칸,8.045
392,헵탄,44.922
393,프로판올,0.887
393,이소옥탄,0.172
393,운데칸,0.229
393,노나날,5.094
393,데카날,3.484
393,도데칸,0.658
393,트리데칸,1
393,테트라데칸,4.2
393,펜타데칸,4.115
393,헥사데칸,22.125
393,에탄올,1.13
393,아세톤,1.42
393,헵탄,25.5
394,스티에렌,0.269
394,프로판올,2.417
394,이소옥탄,0.23
394,데칸,1.19
394,리모넨,0.192
394,운데칸,0.307
394,노나날,3.494
394,데카날,2.88
394,도데칸,4.03
394,트리데칸,0.653
394,테트라데칸,6.488
394,펜타데칸,1.037
394,헥사데칸,15.011
394,에탄올,1.16
394,아세톤,2.32
394,헵탄,50.62
394,프로판올,1.16
395,스타이렌,0.414
395,프로판올,6.894
395,리모넨,0.497
395,노나날,7.047
395,데카날,5.551
395,도데칸,2.321
395,트리데칸,0.911
395,테트라데칸,8.04
395,펜타데칸,5.967
395,헥사데칸,25.116
395,에탄올,3.28
395,아세톤,4.92
395,헵탄,31.29
396,스타이렌,0.262
396,이소옥탄,0.262
396,노나날,1.499
396,데카날,1.841
396,도데칸,0.675
396,트리데칸,1.2
396,테트라데칸,2.887
396,펜타데칸,1.424
396,헥사데칸,3.146
396,헵탄,13.38
397,프로판올,1.026
397,노난,0.178
397,데칸,0.488
397,리모넨,0.222
397,운데칸,0.666
397,노나날,2.89
397,데카날,2.538
397,도데칸,4.309
397,트리데칸,1.733
397,테트라데칸,7.199
397,펜타데칸,1.201
397,헥사데칸,10.355
397,아세톤,1.33
398,스티에렌,1.846
398,프로판올,4.945
398,데칸,1.541
398,리모넨,0.848
398,운데칸,0.693
398,노나날,4.55
398,데카날,3.792
398,도데칸,3.782
398,트리데칸,1.62
398,테트라데칸,7.797
398,펜타데칸,3.401
398,헥사데칸,12.193
398,에탄올,13.61
398,아세톤,2.36
398,헵탄,27.91
399,스티에렌,0.468
399,프로판올,0.858
399,노난,0.287
399,데칸,0.577
399,리모넨,0.359
399,운데칸,1.039
399,노나날,3.218
399,데카날,2.432
399,도데칸,2.906
399,트리데칸,1.614
399,테트라데칸,16.788
399,펜타데칸,3.845
399,헥사데칸,21.17
400,프로판올,0.73
400,데칸,0.204
400,운데칸,0.642
400,노나날,2.277
400,데카날,2.13
400,도데칸,2.043
400,트리데칸,1.255
400,테트라데칸,13.542
400,펜타데칸,3.327
400,헥사데칸,20.751
400,에탄올,0.57
401,스티에렌,1.689
401,프로판올,4.644
401,리모넨,1.182
401,운데칸,0.167
401,노나날,4.815
401,데카날,3.716
401,도데칸,3.547
401,트리데칸,1.013
401,테트라데칸,14.022
401,펜타데칸,3.207
401,헥사데칸,17.315
401,에탄올,2.45
401,아세톤,4.07
402,프로판올,1.629
402,운데칸,0.296
402,노나날,5.538
402,데카날,3.792
402,도데칸,4.445
402,트리데칸,1.48
402,테트라데칸,38.774
402,펜타데칸,2.018
402,헥사데칸,65.464
402,에탄올,1.52
402,아세톤,4.56
402,헵탄,27.93
403,프로판올,1.213
403,이소옥탄,0.158
403,운데칸,0.264
403,노나날,3.904
403,데카날,2.163
403,도데칸,2.849
403,트리데칸,1.583
403,테트라데칸,25.004
403,펜타데칸,1.005
403,헥사데칸,36.081
403,아세톤,1.18
403,헵탄,30.29
404,프로판올,1.395
404,이소옥탄,0.22
404,운데칸,0.44
404,노나날,3.759
404,데카날,2.263
404,도데칸,4.86
404,트리데칸,9.653
404,테트라데칸,115.466
404,펜타데칸,2.632
404,헥사데칸,25.599
404,아세톤,1.07
404,헵탄,44.62
404,부탄올,1.43
405,스티에렌,0.406
405,클로로포름,0.625
405,톨루엔,0.719
405,프로판올,0.916
405,리모넨,0.563
405,운데칸,0.563
405,노나날,4.397
405,데카날,3.063
405,도데칸,3.219
405,트리데칸,3.374
405,테트라데칸,10.746
405,펜타데칸,7.126
405,헥사데칸,13.185
406,스티에렌,0.745
406,클로로포름,0.539
406,프로판올,0.464
406,노난,0.154
406,데칸,0.128
406,리모넨,0.694
406,운데칸,0.591
406,노나날,3.509
406,데카날,3.108
406,도데칸,2.545
406,트리데칸,2.542
406,테트라데칸,7.5
406,펜타데칸,6.011
406,헥사데칸,8.988
406,에탄올,0.55
407,스티에렌,1.002
407,프로판올,0.121
407,노난,0.221
407,데칸,0.541
407,리모넨,0.622
407,운데칸,0.743
407,노나날,1.909
407,데카날,1.952
407,도데칸,5.218
407,트리데칸,3.037
407,테트라데칸,7.348
407,펜타데칸,4.502
407,헥사데칸,9.343
408,스티에렌,3.576
408,톨루엔,1.463
408,프로판올,0.768
408,부타논,0.406
408,에틸아세테이트,0.204
408,부틸아세테이트,0.609
408,데칸,2.551
408,운데칸,0.284
408,노나날,5.117
408,데카날,3.463
408,나프탈렌,0.325
408,알파-피넨,0.12
408,도데칸,6.661
408,트리데칸,1.258
408,테트라데칸,11.661
408,펜타데칸,5.241
408,헥사데칸,7.678
408,에탄올,0.77
409,스티에렌,0.906
409,톨루엔,2.352
409,프로판올,1.64
409,부타논,0.593
409,에틸아세테이트,0.331
409,데칸,1.05
409,리모넨,0.785
409,운데칸,0.238
409,노나날,2.917
409,데카날,3.754
409,도데칸,2.467
409,트리데칸,1.19
409,테트라데칸,3.751
409,펜타데칸,3.73
409,헥사데칸,4.751
409,에탄올,1.17
409,아세톤,1.64
409,프로판올,0.95
410,스티에렌,0.473
410,프로판올,1.29
410,데칸,0.942
410,운데칸,0.425
410,노나날,2.241
410,데카날,1.513
410,도데칸,8.445
410,트리데칸,2.146
410,테트라데칸,49.325
410,펜타데칸,4.411
410,헥사데칸,68.141
411,스티에렌,3.298
411,톨루엔,0.436
411,헥산,0.249
411,프로판올,1.243
411,옥탄,0.156
411,노난,0.684
411,데칸,1.835
411,리모넨,1.214
411,운데칸,2.707
411,노나날,4.575
411,데카날,3.703
411,도데칸,11.823
411,트리데칸,3.92
411,테트라데칸,28.125
411,펜타데칸,6.347
411,헥사데칸,21.497
411,에탄올,0.86
411,아세톤,0.57
412,스티에렌,1.31
412,프로판올,1.669
412,노난,0.198
412,데칸,1.351
412,리모넨,0.755
412,운데칸,1.749
412,노나날,4.215
412,데카날,4.664
412,도데칸,4.292
412,트리데칸,3.894
412,테트라데칸,6.2
412,펜타데칸,3.099
412,헥사데칸,6.357
412,에탄올,1.22
412,부탄올,5.75
413,스티에렌,0.159
413,톨루엔,0.277
413,헥산,1.01
413,프로판올,0.932
413,부타논,0.159
413,노난,0.039
413,데칸,0.516
413,리모넨,0.179
413,운데칸,0.416
413,노나날,1.744
413,데카날,1.782
413,알파-피넨,0.04
413,도데칸,2.396
413,트리데칸,1.94
413,테트라데칸,8.218
413,펜타데칸,4.197
413,헥사데칸,10.138
413,에탄올,0.37
413,부탄올,0.75
414,스티에렌,3.642
414,옥탄,0.318
414,노난,0.496
414,데칸,0.386
414,리모넨,1.164
414,운데칸,0.706
414,노나날,6.483
414,데카날,3.317
414,도데칸,4.447
414,트리데칸,3.778
414,테트라데칸,14.436
414,펜타데칸,6.885
414,헥사데칸,17.791
414,에탄올,1.39
415,스티에렌,0.164
415,프로판올,0.753
415,데칸,0.219
415,리모넨,0.219
415,운데칸,0.256
415,노나날,2.376
415,데카날,1.326
415,도데칸,2.554
415,트리데칸,1.718
415,테트라데칸,6.389
415,펜타데칸,2.612
415,헥사데칸,6.614
416,스티에렌,5.834
416,톨루엔,2.102
416, 자일렌,0.542
416,헥산,0.949
416,프로판올,3.19
416,부타논,0.271
416,노난,1.357
416,데칸,3.457
416,리모넨,2.915
416,운데칸,5.152
416,노나날,4.539
416,데카날,8.612
416,알파-피넨,0.679
416,트리메틸벤젠,0.407
416,도데칸,14.576
416,트리데칸,6.44
416,테트라데칸,30.576
416,펜타데칸,9.558
416,헥사데칸,22.983
416,에탄올,32.63
416,아세톤,2.84
417,에틸벤젠,0.122
417,스티에렌,5.047
417,톨루엔,0.219
417,프로판올,3.954
417,부타논,0.122
417,데칸,0.195
417,리모넨,0.536
417,운데칸,0.462
417,노나날,4.284
417,데카날,2.771
417,알파-피넨,0.317
417,도데칸,1.361
417,트리데칸,2.626
417,테트라데칸,8.119
417,펜타데칸,7.295
417,헥사데칸,7.221
417,에탄올,5.69
417,아세톤,0.98
417,프로판올,1.49
418,스티에렌,0.277
418,톨루엔,0.221
418,프로판올,1.166
418,노난,0.193
418,데칸,0.611
418,리모넨,0.359
418,운데칸,0.717
418,노나날,2.645
418,데카날,2.327
418,도데칸,2.631
418,트리데칸,2.539
418,테트라데칸,4.261
418,펜타데칸,4.78
418,헥사데칸,5.588
418,에탄올,0.85
418,아세톤,12.43
418,부탄올,2.26
419,스티에렌,0.737
419,톨루엔,0.998
419,프로판올,1.784
419,노난,0.174
419,데칸,0.086
419,리모넨,0.391
419,운데칸,0.651
419,노나날,3.47
419,데카날,3.599
419,도데칸,2.515
419,트리데칸,1.996
419,테트라데칸,6.288
419,펜타데칸,4.641
419,헥사데칸,8.329
419,에탄올,2.16
420,스티에렌,0.245
420,프로판올,3.923
420,데칸,0.457
420,리모넨,0.385
420,운데칸,0.666
420,노나날,1.681
420,데카날,2.977
420,도데칸,3.715
420,트리데칸,2.42
420,테트라데칸,11.986
420,펜타데칸,6.199
420,헥사데칸,16.473
421,스티렌,2.152
421,프로판올,0.146
421,옥탄,0.046
421,노난,0.219
421,데칸,0.875
421,리모넨,1.668
421,운데칸,0.51
421,노나날,0.455
421,데카날,1.933
421,도데칸,3.262
421,트리데칸,0.811
421,테트라데칸,4.228
421,펜타데칸,1.239
421,헥사데칸,4.72
422,프로판올,2.296
422,데칸,0.481
422,리모넨,0.422
422,운데칸,0.693
422,노나날,2.228
422,데카날,2.712
422,도데칸,1.96
422,트리데칸,1.506
422,테트라데칸,3.678
422,펜타데칸,2.262
422,헥사데칸,4.611
422,에탄올,0.89
423,리모넨,0.651
423,운데칸,0.72
423,노나날,6.305
423,데카날,3.896
423,도데칸,12.456
423,트리데칸,1.439
423,테트라데칸,35.221
423,펜타데칸,2.222
423,헥사데칸,44.128
424,스티에렌,0.888
424,프로판올,0.547
424,옥탄,0.273
424,노난,0.41
424,데칸,0.821
424,리모넨,0.546
424,운데칸,1.196
424,노나날,4.987
424,데카날,7.276
424,도데칸,3.415
424,트리데칸,3.757
424,테트라데칸,13.049
424,펜타데칸,5.021
424,헥사데칸,22.612
424,에탄올,14.93
424,헵탄,40.18
425,프로판올,1.683
425,이소옥탄,0.176
425,운데칸,1.215
425,노나날,7.942
425,데카날,9.158
425,도데칸,7.852
425,트리데칸,7.291
425,테트라데칸,35.237
425,펜타데칸,10.656
425,헥사데칸,58.883
425,에탄올,15.72
425,헵탄,159.39
425,부탄올,3.71
426,스티에렌,1.031
426,프로판올,1.112
426,이소옥탄,0.33
426,노난,0.33
426,데칸,0.289
426,리모넨,0.536
426,운데칸,0.99
426,노나날,4.288
426,데카날,6.886
426,도데칸,4.616
426,트리데칸,6.848
426,테트라데칸,18.393
426,펜타데칸,6.678
426,헥사데칸,27.131
426,에탄올,4.14
426,헵탄,35.43
426,부탄올,2.26
427,스티에렌,0.592
427,프로판올,0.154
427,이소옥탄,0.176
427,옥탄,0.131
427,노난,0.329
427,데칸,0.088
427,리모넨,0.132
427,운데칸,0.549
427,노나날,6.895
427,데카날,4.851
427,도데칸,2.042
427,트리데칸,2.284
427,테트라데칸,9.507
427,펜타데칸,3.558
427,헥사데칸,16.361
427,에탄올,0.85
427,헵탄,20.64
427,부탄올,1.06
428,스티에렌,1.074
428,프로판올,0.778
428,노난,0.49
428,운데칸,0.584
428,노나날,36.83
428,데카날,8.575
428,도데칸,4.373
428,트리데칸,2.537
428,테트라데칸,14.877
428,펜타데칸,5.937
428,헥사데칸,30.938
429,스티에렌,0.587
429,톨루엔,4.322
429,프로판올,0.233
429,옥탄,0.441
429,노난,0.085
429,데칸,0.323
429,리모넨,0.264
429,운데칸,0.94
429,노나날,4.49
429,데카날,3.397
429,도데칸,2.762
429,트리데칸,2.703
429,테트라데칸,8.344
429,펜타데칸,5.765
429,헥사데칸,12.116
429,에탄올,1.23
430,스티에렌,0.538
430,프로판올,1.424
430,데칸,0.696
430,리모넨,0.442
430,운데칸,1.139
430,노나날,4.426
430,데카날,2.654
430,도데칸,2.245
430,트리데칸,2.372
430,테트라데칸,5.629
430,펜타데칸,4.775
430,헥사데칸,9.93
430,에탄올,1.84
431,스티에렌,1.882
431,데칸,1.882
431,운데칸,2.665
431,노나날,9.959
431,데카날,5.877
431,베타-피넨,0.205
431,도데칸,4.592
431,트리데칸,2.212
431,테트라데칸,7.984
431,펜타데칸,4.162
431,헥사데칸,10.642
431,에탄올,1.27
432,스티에렌,0.007
432,톨루엔,0.003
432,프로판올,0.369
432,노난,0.369
432,데칸,1.9
432,리모넨,0.585
432,운데칸,2.555
432,노나날,8.751
432,데카날,7.608
432,알파-피넨,0.292
432,베타-피넨,0.229
432,도데칸,9.871
432,트리데칸,4.964
432,테트라데칸,17.327
432,펜타데칸,9.725
432,헥사데칸,18.566
432,에탄올,1.47
432,부탄올,5.87
433,스티에렌,0.496
433,데칸,2.089
433,운데칸,4.742
433,노나날,5.272
433,데카날,3.115
433,도데칸,10.649
433,트리데칸,3.255
433,테트라데칸,12.633
433,펜타데칸,7.821
433,헥사데칸,17.872
433,에탄올,1.37
433,부탄올,1.37
434,스티에렌,0.792
434,프로판올,0.179
434,노난,0.215
434,데칸,0.215
434,리모넨,0.537
434,운데칸,1.003
434,노나날,2.978
434,데카날,3.302
434,도데칸,3.13
434,트리데칸,2.761
434,테트라데칸,7.433
434,펜타데칸,4.95
434,헥사데칸,6.019
434,에탄올,0.72
435,스티에렌,1.2
435,프로판올,0.401
435,노난,0.4
435,운데칸,1.762
435,노나날,13.372
435,데카날,3.842
435,도데칸,5.524
435,트리데칸,2.483
435,테트라데칸,12.811
435,펜타데칸,4.325
435,헥사데칸,10.251
435,에탄올,2.42
436,스티에렌,0.351
436,프로판올,0.535
436,데칸,0.482
436,운데칸,1.526
436,노나날,6.449
436,데카날,4.869
436,도데칸,5.301
436,트리데칸,3.28
436,테트라데칸,10.455
436,펜타데칸,2.222
436,헥사데칸,6.141
437,스티에렌,0.565
437,톨루엔,0.12
437,노난,0.221
437,데칸,0.533
437,리모넨,0.416
437,운데칸,0.923
437,노나날,1.595
437,데카날,3.015
437,도데칸,6.899
437,트리데칸,1.02
437,테트라데칸,12.917
437,펜타데칸,0.871
437,헥사데칸,13.436
437,에탄올,0.98
437,헵탄,2.19
438,스티에렌,1.094
438,노난,0.273
438,리모넨,0.751
438,운데칸,0.444
438,노나날,2.355
438,데카날,1.049
438,도데칸, 1.365
438,트리데칸, 1.058
438,테트라데칸,3.451
438,펜타데칸,1.808
438,헥사데칸,4.647
438,에탄올,1.23
439,에틸벤젠,0.469
439,스티에렌,0.513
439,톨루엔,2.897
439, 자일렌,1.495
439,프로판올,0.281
439,옥탄,0.888
439,노난,0.281
439,리모넨,0.661
439,운데칸,0.933
439,노나날,3.267
439,데카날,2.763
439,도데칸,2.901
439,트리데칸,2.812
439,테트라데칸,9.543
439,펜타데칸,4.861
439,헥사데칸,14.373
439,에탄올,2.45
440,스티에렌,0.542
440,프로판올,0.492
440,노난,0.345
440,리모넨, 0.739
440,운데칸,0.591
440,노나날,3.644
440,데카날,1.329
440,도데칸,2.018
440,트리데칸,1.428
440,테트라데칸,8.074
440,펜타데칸,5.318
440,헥사데칸,11.717
440,에탄올,3.73
441,톨루엔,1.314
441,노나날,6.055
441,데카날,12.699
441,테트라데칸,4.933
441,펜타데칸,6.749
441,헥사데칸,30.2
442,스타이렌,4.198
442,톨루엔,1.411
442,프로판올 ,1.961
442,부타논 , 0.791
442,에틸아세테이트 ,0.585
442,데칸 ,2.305
442,운데칸, 0.482
442,노나날, 4.335
442,데카날,3.339
442,도데칸,2.925
442,트리데칸,2.925
442,테트라데칸,4.818
442,펜타데칸,5.438
442,헥사데칸,6.057
442,에탄올,3.52
442,아세톤,2.82
442,프로판올,1.75
442,부탄올,1.41
